genes,gene_short_name
A1BG,A1BG
AACS,AACS
AAK1,AAK1
AAMDC,AAMDC
AARS,AARS
AARSD1,AARSD1
ABCA5,ABCA5
ABCA9,ABCA9
ABCB7,ABCB7
ABCB9,ABCB9
ABCC3,ABCC3
ABCC9,ABCC9
ABCD4,ABCD4
ABCE1,ABCE1
ABCF1,ABCF1
ABCF2,ABCF2
ABCG8,ABCG8
ABHD18,ABHD18
ABHD5,ABHD5
ABI1,ABI1
ABI2,ABI2
ABL2,ABL2
ABLIM1,ABLIM1
ABRAXAS1,ABRAXAS1
ACAA2,ACAA2
ACACB,ACACB
ACADVL,ACADVL
ACAP2,ACAP2
ACAT1,ACAT1
ACIN1,ACIN1
ACOT11,ACOT11
ACOT9,ACOT9
ACOX1,ACOX1
ACP1,ACP1
ACSF3,ACSF3
ACSL1,ACSL1
ACSL3,ACSL3
ACSL4,ACSL4
ACTA2,ACTA2
ACTB,ACTB
ACTG1,ACTG1
ACTG2,ACTG2
ACTN1,ACTN1
ACTN4,ACTN4
ACTR10,ACTR10
ACTR1A,ACTR1A
ACTR2,ACTR2
ACTR3,ACTR3
ACTR6,ACTR6
ACVR2A,ACVR2A
ADAL,ADAL
ADAM10,ADAM10
ADAM17,ADAM17
ADAM32,ADAM32
ADAMTS1,ADAMTS1
ADAMTS4,ADAMTS4
ADAMTSL3,ADAMTSL3
ADAR,ADAR
ADD1,ADD1
ADGRF1,ADGRF1
ADGRG1,ADGRG1
ADGRV1,ADGRV1
ADH5,ADH5
ADIPOR1,ADIPOR1
ADK,ADK
ADNP,ADNP
ADRM1,ADRM1
ADSL,ADSL
AEBP2,AEBP2
AFDN,AFDN
AFF4,AFF4
AFMID,AFMID
AFTPH,AFTPH
AGK,AGK
AGO2,AGO2
AGO3,AGO3
AHCYL1,AHCYL1
AHDC1,AHDC1
AHI1,AHI1
AHNAK,AHNAK
AHR,AHR
AHSA1,AHSA1
AIG1,AIG1
AIMP1,AIMP1
AK2,AK2
AK3,AK3
AK4,AK4
AK6,AK6
AKAP13,AKAP13
AKAP2,AKAP2
AKAP9,AKAP9
AKNA,AKNA
AKR1A1,AKR1A1
AKR1B1,AKR1B1
AKR1C3,AKR1C3
AKT2,AKT2
ALDH2,ALDH2
ALDH3A2,ALDH3A2
ALDH6A1,ALDH6A1
ALDH7A1,ALDH7A1
ALDOA,ALDOA
ALG11,ALG11
ALG14,ALG14
ALG9,ALG9
ALPK1,ALPK1
ALYREF,ALYREF
AMD1,AMD1
AMFR,AMFR
AMIGO2,AMIGO2
AMN1,AMN1
AMZ2,AMZ2
ANAPC1,ANAPC1
ANAPC11,ANAPC11
ANAPC15,ANAPC15
ANAPC16,ANAPC16
ANAPC5,ANAPC5
ANAPC7,ANAPC7
ANGEL2,ANGEL2
ANK3,ANK3
ANKH,ANKH
ANKHD1,ANKHD1
ANKIB1,ANKIB1
ANKLE1,ANKLE1
ANKLE2,ANKLE2
ANKRD10,ANKRD10
ANKRD11,ANKRD11
ANKRD12,ANKRD12
ANKRD13A,ANKRD13A
ANKRD17,ANKRD17
ANKRD36,ANKRD36
ANKRD36B,ANKRD36B
ANKRD36C,ANKRD36C
ANKRD40,ANKRD40
ANKRD40CL,ANKRD40CL
ANKS1B,ANKS1B
ANKZF1,ANKZF1
ANO6,ANO6
ANP32B,ANP32B
ANP32E,ANP32E
ANXA1,ANXA1
ANXA11,ANXA11
ANXA2,ANXA2
ANXA3,ANXA3
ANXA4,ANXA4
ANXA5,ANXA5
ANXA7,ANXA7
AOPEP,AOPEP
AP1G1,AP1G1
AP1G2,AP1G2
AP1M1,AP1M1
AP1S3,AP1S3
AP2A1,AP2A1
AP2B1,AP2B1
AP2M1,AP2M1
AP3B1,AP3B1
AP3B2,AP3B2
AP3D1,AP3D1
AP3S1,AP3S1
AP4S1,AP4S1
AP5S1,AP5S1
APEX1,APEX1
APLP2,APLP2
APOBEC3C,APOBEC3C
APOL6,APOL6
APOOL,APOOL
APP,APP
APPBP2,APPBP2
APPL1,APPL1
APRT,APRT
AQR,AQR
ARCN1,ARCN1
ARF1,ARF1
ARF4,ARF4
ARF6,ARF6
ARFGAP3,ARFGAP3
ARFGEF1,ARFGEF1
ARFGEF2,ARFGEF2
ARGLU1,ARGLU1
ARHGAP1,ARHGAP1
ARHGAP17,ARHGAP17
ARHGAP21,ARHGAP21
ARHGAP26,ARHGAP26
ARHGAP28,ARHGAP28
ARHGAP29,ARHGAP29
ARHGAP5,ARHGAP5
ARHGEF10,ARHGEF10
ARHGEF12,ARHGEF12
ARHGEF9,ARHGEF9
ARID1A,ARID1A
ARID1B,ARID1B
ARID2,ARID2
ARID4A,ARID4A
ARID4B,ARID4B
ARID5B,ARID5B
ARIH1,ARIH1
ARIH2,ARIH2
ARL1,ARL1
ARL10,ARL10
ARL17A,ARL17A
ARL2,ARL2
ARL4A,ARL4A
ARL4C,ARL4C
ARL6IP1,ARL6IP1
ARL6IP5,ARL6IP5
ARL8B,ARL8B
ARMC8,ARMC8
ARNT,ARNT
ARPC1B,ARPC1B
ARPC2,ARPC2
ARPC3,ARPC3
ARPC4,ARPC4
ARPC5,ARPC5
ARPIN,ARPIN
ARPP19,ARPP19
ARRDC3,ARRDC3
ARSD,ARSD
ARSG,ARSG
ASAH1,ASAH1
ASAP1,ASAP1
ASB3,ASB3
ASCC1,ASCC1
ASH1L,ASH1L
ASNS,ASNS
ASPA,ASPA
ASPH,ASPH
ASTN2,ASTN2
ASXL1,ASXL1
ATF4,ATF4
ATF6,ATF6
ATF6B,ATF6B
ATF7IP,ATF7IP
ATG10,ATG10
ATG12,ATG12
ATG13,ATG13
ATG14,ATG14
ATL2,ATL2
ATL3,ATL3
ATM,ATM
ATP13A3,ATP13A3
ATP1A1,ATP1A1
ATP1B1,ATP1B1
ATP1B3,ATP1B3
ATP2A2,ATP2A2
ATP2B1,ATP2B1
ATP2C1,ATP2C1
ATP5F1A,ATP5F1A
ATP5F1B,ATP5F1B
ATP5F1C,ATP5F1C
ATP5F1D,ATP5F1D
ATP5F1E,ATP5F1E
ATP5IF1,ATP5IF1
ATP5MC1,ATP5MC1
ATP5MC2,ATP5MC2
ATP5MC3,ATP5MC3
ATP5MD,ATP5MD
ATP5ME,ATP5ME
ATP5MF,ATP5MF
ATP5MG,ATP5MG
ATP5MPL,ATP5MPL
ATP5PB,ATP5PB
ATP5PD,ATP5PD
ATP5PF,ATP5PF
ATP5PO,ATP5PO
ATP6,ATP6
ATP6AP2,ATP6AP2
ATP6V0A1,ATP6V0A1
ATP6V0A2,ATP6V0A2
ATP6V0B,ATP6V0B
ATP6V0C,ATP6V0C
ATP6V0D1,ATP6V0D1
ATP6V0E1,ATP6V0E1
ATP6V1A,ATP6V1A
ATP6V1B2,ATP6V1B2
ATP6V1C1,ATP6V1C1
ATP6V1D,ATP6V1D
ATP6V1E1,ATP6V1E1
ATP6V1F,ATP6V1F
ATP6V1G1,ATP6V1G1
ATP6V1H,ATP6V1H
ATP8,ATP8
ATP8B1,ATP8B1
ATP8B2,ATP8B2
ATP9B,ATP9B
ATRX,ATRX
ATXN1,ATXN1
ATXN10,ATXN10
ATXN2,ATXN2
ATXN3,ATXN3
ATXN7L3B,ATXN7L3B
AUP1,AUP1
AUTS2,AUTS2
AVL9,AVL9
AXL,AXL
AZI2,AZI2
AZIN1,AZIN1
B2M,B2M
B4GALT1,B4GALT1
BACE2,BACE2
BACH1,BACH1
BAG1,BAG1
BAG4,BAG4
BANF1,BANF1
BAP1,BAP1
BAX,BAX
BAZ1A,BAZ1A
BAZ1B,BAZ1B
BAZ2A,BAZ2A
BAZ2B,BAZ2B
BBIP1,BBIP1
BBX,BBX
BCAP29,BCAP29
BCAP31,BCAP31
BCAS3,BCAS3
BCAS4,BCAS4
BCCIP,BCCIP
BCDIN3D,BCDIN3D
BCL10,BCL10
BCL11A,BCL11A
BCL2L15,BCL2L15
BCL6,BCL6
BCLAF1,BCLAF1
BCLAF3,BCLAF3
BDP1,BDP1
BECN1,BECN1
BEST1,BEST1
BET1,BET1
BFAR,BFAR
BHLHE40,BHLHE40
BIRC2,BIRC2
BIRC3,BIRC3
BIRC6,BIRC6
BLCAP,BLCAP
BLOC1S2,BLOC1S2
BLOC1S6,BLOC1S6
BLVRB,BLVRB
BMPR1A,BMPR1A
BMPR2,BMPR2
BMS1,BMS1
BNIP2,BNIP2
BNIP3,BNIP3
BNIP3L,BNIP3L
BOD1L1,BOD1L1
BOLA2-SMG1P6,BOLA2-SMG1P6
BORCS8,BORCS8
BPTF,BPTF
BRAF,BRAF
BRD2,BRD2
BRD4,BRD4
BRD7,BRD7
BRD8,BRD8
BRI3,BRI3
BRI3BP,BRI3BP
BRIP1,BRIP1
BRIX1,BRIX1
BRK1,BRK1
BROX,BROX
BRWD1,BRWD1
BSDC1,BSDC1
BSG,BSG
BTAF1,BTAF1
BTBD1,BTBD1
BTBD7,BTBD7
BTF3,BTF3
BTF3L4,BTF3L4
BTG1,BTG1
BTG3,BTG3
BTN3A2,BTN3A2
BUB3,BUB3
BUD23,BUD23
BUD31,BUD31
BZW1,BZW1
BZW2,BZW2
C11orf1,C11orf1
C11orf49,C11orf49
C11orf54,C11orf54
C11orf58,C11orf58
C12orf43,C12orf43
C12orf45,C12orf45
C12orf49,C12orf49
C12orf50,C12orf50
C12orf57,C12orf57
C12orf65,C12orf65
C12orf76,C12orf76
C14orf119,C14orf119
C15orf40,C15orf40
C16orf72,C16orf72
C16orf87,C16orf87
C17orf75,C17orf75
C18orf32,C18orf32
C19orf53,C19orf53
C1orf109,C1orf109
C1orf174,C1orf174
C1orf43,C1orf43
C1orf56,C1orf56
C1R,C1R
C1S,C1S
C2CD3,C2CD3
C2orf68,C2orf68
C2orf92,C2orf92
C3,C3
C3orf62,C3orf62
C4BPB,C4BPB
C4orf3,C4orf3
C5AR1,C5AR1
C5AR2,C5AR2
C6orf132,C6orf132
C6orf62,C6orf62
C9orf78,C9orf78
C9orf85,C9orf85
CA5A,CA5A
CA5B,CA5B
CACNA1A,CACNA1A
CACNB3,CACNB3
CACNB4,CACNB4
CACUL1,CACUL1
CACYBP,CACYBP
CALCOCO2,CALCOCO2
CALD1,CALD1
CALM1,CALM1
CALM2,CALM2
CALR,CALR
CALU,CALU
CAMK2D,CAMK2D
CAMTA1,CAMTA1
CAND1,CAND1
CANX,CANX
CAP1,CAP1
CAPN12,CAPN12
CAPN2,CAPN2
CAPNS1,CAPNS1
CAPRIN1,CAPRIN1
CAPS,CAPS
CAPZA1,CAPZA1
CAPZA2,CAPZA2
CAPZB,CAPZB
CARD8,CARD8
CARHSP1,CARHSP1
CARMIL1,CARMIL1
CARS,CARS
CASC3,CASC3
CASC4,CASC4
CASK,CASK
CASP10,CASP10
CASP2,CASP2
CASP4,CASP4
CAST,CAST
CATSPER2,CATSPER2
CATSPERG,CATSPERG
CAV1,CAV1
CAV2,CAV2
CAVIN1,CAVIN1
CBFA2T2,CBFA2T2
CBR4,CBR4
CBWD1,CBWD1
CBWD2,CBWD2
CBWD5,CBWD5
CBWD6,CBWD6
CBX1,CBX1
CBX3,CBX3
CBX5,CBX5
CBX6,CBX6
CCAR1,CCAR1
CCDC122,CCDC122
CCDC124,CCDC124
CCDC125,CCDC125
CCDC127,CCDC127
CCDC14,CCDC14
CCDC141,CCDC141
CCDC144A,CCDC144A
CCDC144B,CCDC144B
CCDC149,CCDC149
CCDC169,CCDC169
CCDC186,CCDC186
CCDC30,CCDC30
CCDC32,CCDC32
CCDC47,CCDC47
CCDC50,CCDC50
CCDC57,CCDC57
CCDC6,CCDC6
CCDC66,CCDC66
CCDC69,CCDC69
CCDC80,CCDC80
CCDC88A,CCDC88A
CCDC88B,CCDC88B
CCDC90B,CCDC90B
CCDC93,CCDC93
CCL2,CCL2
CCL28,CCL28
CCL5,CCL5
CCNB1IP1,CCNB1IP1
CCNC,CCNC
CCNDBP1,CCNDBP1
CCNG2,CCNG2
CCNI,CCNI
CCNL1,CCNL1
CCNL2,CCNL2
CCPG1,CCPG1
CCT2,CCT2
CCT3,CCT3
CCT4,CCT4
CCT5,CCT5
CCT6A,CCT6A
CCT7,CCT7
CCT8,CCT8
CCZ1,CCZ1
CCZ1B,CCZ1B
CD151,CD151
CD164,CD164
CD24,CD24
CD2AP,CD2AP
CD3EAP,CD3EAP
CD44,CD44
CD46,CD46
CD47,CD47
CD55,CD55
CD59,CD59
CD63,CD63
CD74,CD74
CD81,CD81
CD82,CD82
CD9,CD9
CDC37,CDC37
CDC40,CDC40
CDC42,CDC42
CDC42BPA,CDC42BPA
CDC42EP3,CDC42EP3
CDC42SE1,CDC42SE1
CDC42SE2,CDC42SE2
CDC5L,CDC5L
CDC73,CDC73
CDCP1,CDCP1
CDH1,CDH1
CDH13,CDH13
CDH3,CDH3
CDK10,CDK10
CDK11A,CDK11A
CDK11B,CDK11B
CDK12,CDK12
CDK13,CDK13
CDK2AP1,CDK2AP1
CDK5RAP3,CDK5RAP3
CDKAL1,CDKAL1
CDKL5,CDKL5
CDS2,CDS2
CDV3,CDV3
CEBPB,CEBPB
CEBPD,CEBPD
CEBPZ,CEBPZ
CEBPZOS,CEBPZOS
CELF1,CELF1
CEMIP2,CEMIP2
CEP135,CEP135
CEP250,CEP250
CEP350,CEP350
CEP57,CEP57
CEP78,CEP78
CEP89,CEP89
CEP95,CEP95
CEPT1,CEPT1
CERS5,CERS5
CFAP221,CFAP221
CFAP54,CFAP54
CFAP69,CFAP69
CFAP74,CFAP74
CFAP97,CFAP97
CFDP1,CFDP1
CFL1,CFL1
CFL2,CFL2
CFLAR,CFLAR
CHAF1B,CHAF1B
CHCHD2,CHCHD2
CHD1,CHD1
CHD2,CHD2
CHD4,CHD4
CHD6,CHD6
CHD7,CHD7
CHD8,CHD8
CHD9,CHD9
CHDH,CHDH
CHEK1,CHEK1
CHEK2,CHEK2
CHFR,CHFR
CHI3L1,CHI3L1
CHIC2,CHIC2
CHMP1B,CHMP1B
CHMP2A,CHMP2A
CHMP2B,CHMP2B
CHMP3,CHMP3
CHMP4A,CHMP4A
CHMP5,CHMP5
CHORDC1,CHORDC1
CHP1,CHP1
CHPT1,CHPT1
CHST12,CHST12
CHTOP,CHTOP
CHURC1,CHURC1
CIAO2B,CIAO2B
CIITA,CIITA
CINP,CINP
CIR1,CIR1
CISD1,CISD1
CISD2,CISD2
CKAP4,CKAP4
CLASP1,CLASP1
CLASP2,CLASP2
CLCC1,CLCC1
CLCN3,CLCN3
CLDN12,CLDN12
CLDN4,CLDN4
CLDND1,CLDND1
CLEC7A,CLEC7A
CLIC1,CLIC1
CLIC4,CLIC4
CLINT1,CLINT1
CLIP1,CLIP1
CLIP4,CLIP4
CLK1,CLK1
CLK3,CLK3
CLK4,CLK4
CLMN,CLMN
CLMP,CLMP
CLN3,CLN3
CLN5,CLN5
CLNS1A,CLNS1A
CLOCK,CLOCK
CLPB,CLPB
CLPX,CLPX
CLSTN1,CLSTN1
CLTA,CLTA
CLTC,CLTC
CLU,CLU
CLUAP1,CLUAP1
CMC2,CMC2
CMIP,CMIP
CMPK1,CMPK1
CMSS1,CMSS1
CMTM6,CMTM6
CMTM7,CMTM7
CNBP,CNBP
CNDP2,CNDP2
CNEP1R1,CNEP1R1
CNIH1,CNIH1
CNIH4,CNIH4
CNKSR2,CNKSR2
CNKSR3,CNKSR3
CNN2,CNN2
CNN3,CNN3
CNOT1,CNOT1
CNOT10,CNOT10
CNOT2,CNOT2
CNOT4,CNOT4
CNOT7,CNOT7
CNOT9,CNOT9
CNP,CNP
CNPY2,CNPY2
COA1,COA1
COA7,COA7
COA8,COA8
COG8,COG8
COL17A1,COL17A1
COL27A1,COL27A1
COL4A2,COL4A2
COL4A3BP,COL4A3BP
COL8A1,COL8A1
COLEC12,COLEC12
COLGALT1,COLGALT1
COMMD4,COMMD4
COMMD6,COMMD6
COMT,COMT
COPA,COPA
COPB1,COPB1
COPB2,COPB2
COPG1,COPG1
COPS2,COPS2
COPS5,COPS5
COPS6,COPS6
COPZ1,COPZ1
COQ10B,COQ10B
COQ4,COQ4
COQ5,COQ5
CORO1C,CORO1C
COTL1,COTL1
COX1,COX1
COX11,COX11
COX16,COX16
COX17,COX17
COX18,COX18
COX2,COX2
COX20,COX20
COX3,COX3
COX4I1,COX4I1
COX5B,COX5B
COX6A1,COX6A1
COX6B1,COX6B1
COX6C,COX6C
COX7A2,COX7A2
COX7A2L,COX7A2L
COX7B,COX7B
COX7C,COX7C
COX8A,COX8A
CPAMD8,CPAMD8
CPD,CPD
CPEB4,CPEB4
CPLANE1,CPLANE1
CPM,CPM
CPNE1,CPNE1
CPNE3,CPNE3
CPSF2,CPSF2
CPSF6,CPSF6
CPT1A,CPT1A
CPT1C,CPT1C
CRBN,CRBN
CRCP,CRCP
CREB1,CREB1
CREB3L2,CREB3L2
CREBBP,CREBBP
CREBRF,CREBRF
CREG1,CREG1
CRIM1,CRIM1
CRIPT,CRIPT
CRISPLD2,CRISPLD2
CRK,CRK
CRLF3,CRLF3
CRYAB,CRYAB
CRYBB2P1,CRYBB2P1
CRYBG1,CRYBG1
CRYZL1,CRYZL1
CS,CS
CSAD,CSAD
CSDE1,CSDE1
CSF2RA,CSF2RA
CSNK1A1,CSNK1A1
CSNK1D,CSNK1D
CSNK1E,CSNK1E
CSNK2A1,CSNK2A1
CSNK2A2,CSNK2A2
CSPP1,CSPP1
CSRP1,CSRP1
CSTB,CSTB
CTBP1,CTBP1
CTBP2,CTBP2
CTCF,CTCF
CTCFL,CTCFL
CTDSP2,CTDSP2
CTDSPL2,CTDSPL2
CTNNA1,CTNNA1
CTNNB1,CTNNB1
CTNND1,CTNND1
CTPS1,CTPS1
CTSB,CTSB
CTSC,CTSC
CTTN,CTTN
CTTNBP2NL,CTTNBP2NL
CUL3,CUL3
CUL4A,CUL4A
CUX1,CUX1
CWC15,CWC15
CWC25,CWC25
CWF19L1,CWF19L1
CX3CL1,CX3CL1
CXADR,CXADR
CXCL1,CXCL1
CXCL16,CXCL16
CXCL2,CXCL2
CXCL8,CXCL8
CXorf38,CXorf38
CYB561A3,CYB561A3
CYB5A,CYB5A
CYB5B,CYB5B
CYB5R3,CYB5R3
CYB5R4,CYB5R4
CYB5RL,CYB5RL
CYBRD1,CYBRD1
CYCS,CYCS
CYLD,CYLD
CYP1B1,CYP1B1
CYP20A1,CYP20A1
CYP3A5,CYP3A5
CYP46A1,CYP46A1
CYP51A1,CYP51A1
CYSLTR1,CYSLTR1
CYSTM1,CYSTM1
CYTB,CYTB
CYTH2,CYTH2
DAAM1,DAAM1
DAB2,DAB2
DACT3,DACT3
DAD1,DAD1
DAP3,DAP3
DAPK2,DAPK2
DARS,DARS
DAZAP2,DAZAP2
DBI,DBI
DBT,DBT
DCAF10,DCAF10
DCAF11,DCAF11
DCAF13,DCAF13
DCAF16,DCAF16
DCAF6,DCAF6
DCBLD2,DCBLD2
DCP1A,DCP1A
DCP1B,DCP1B
DCTN2,DCTN2
DCTN5,DCTN5
DCTN6,DCTN6
DCUN1D1,DCUN1D1
DCUN1D4,DCUN1D4
DDB1,DDB1
DDHD1,DDHD1
DDHD2,DDHD2
DDI2,DDI2
DDOST,DDOST
DDX1,DDX1
DDX10,DDX10
DDX17,DDX17
DDX18,DDX18
DDX19A,DDX19A
DDX21,DDX21
DDX24,DDX24
DDX27,DDX27
DDX39B,DDX39B
DDX3X,DDX3X
DDX42,DDX42
DDX46,DDX46
DDX47,DDX47
DDX5,DDX5
DDX52,DDX52
DDX55,DDX55
DDX6,DDX6
DEGS1,DEGS1
DEK,DEK
DENND3,DENND3
DENND4A,DENND4A
DENND5A,DENND5A
DENR,DENR
DEPDC5,DEPDC5
DERL2,DERL2
DFFA,DFFA
DGKA,DGKA
DGKD,DGKD
DGKE,DGKE
DGKH,DGKH
DGUOK,DGUOK
DHODH,DHODH
DHRS7,DHRS7
DHX15,DHX15
DHX29,DHX29
DHX30,DHX30
DHX36,DHX36
DHX8,DHX8
DHX9,DHX9
DIABLO,DIABLO
DIAPH1,DIAPH1
DICER1,DICER1
DIMT1,DIMT1
DIP2A,DIP2A
DIS3,DIS3
DIS3L,DIS3L
DISP2,DISP2
DKC1,DKC1
DLG1,DLG1
DLG5,DLG5
DMAC2,DMAC2
DMAC2L,DMAC2L
DMD,DMD
DMKN,DMKN
DMTF1,DMTF1
DMWD,DMWD
DNAAF1,DNAAF1
DNAJA1,DNAJA1
DNAJA2,DNAJA2
DNAJA3,DNAJA3
DNAJB14,DNAJB14
DNAJB6,DNAJB6
DNAJB9,DNAJB9
DNAJC10,DNAJC10
DNAJC16,DNAJC16
DNAJC2,DNAJC2
DNAJC21,DNAJC21
DNAJC24,DNAJC24
DNAJC3,DNAJC3
DNAJC7,DNAJC7
DNAJC8,DNAJC8
DNAL1,DNAL1
DNASE1,DNASE1
DNM1L,DNM1L
DNM2,DNM2
DNMT1,DNMT1
DNMT3A,DNMT3A
DNTTIP2,DNTTIP2
DOCK5,DOCK5
DOCK7,DOCK7
DOP1B,DOP1B
DPF2,DPF2
DPH1,DPH1
DPPA4,DPPA4
DPY19L3,DPY19L3
DPY30,DPY30
DPYD,DPYD
DPYSL2,DPYSL2
DR1,DR1
DRAM1,DRAM1
DRAXIN,DRAXIN
DSC2,DSC2
DSEL,DSEL
DSG2,DSG2
DSP,DSP
DST,DST
DSTN,DSTN
DSTYK,DSTYK
DTWD1,DTWD1
DTX3L,DTX3L
DUSP1,DUSP1
DUSP3,DUSP3
DUSP6,DUSP6
DYM,DYM
DYNC1H1,DYNC1H1
DYNC1I2,DYNC1I2
DYNC1LI2,DYNC1LI2
DYNC2LI1,DYNC2LI1
DYNLL1,DYNLL1
DYNLRB1,DYNLRB1
DYNLT1,DYNLT1
DYRK1A,DYRK1A
EAF1,EAF1
EAPP,EAPP
EBNA1BP2,EBNA1BP2
ECD,ECD
ECH1,ECH1
ECHDC1,ECHDC1
ECHDC2,ECHDC2
ECPAS,ECPAS
EDEM1,EDEM1
EDF1,EDF1
EDN1,EDN1
EEF1A1,EEF1A1
EEF1AKMT3,EEF1AKMT3
EEF1B2,EEF1B2
EEF1D,EEF1D
EEF1E1,EEF1E1
EEF1G,EEF1G
EEF2,EEF2
EEF2K,EEF2K
EFCAB11,EFCAB11
EFCAB2,EFCAB2
EFHC1,EFHC1
EFNA1,EFNA1
EFNA5,EFNA5
EFTUD2,EFTUD2
EGFR,EGFR
EGR1,EGR1
EHBP1,EHBP1
EHD2,EHD2
EHMT1,EHMT1
EI24,EI24
EID1,EID1
EIF1,EIF1
EIF1AD,EIF1AD
EIF1AX,EIF1AX
EIF2A,EIF2A
EIF2AK2,EIF2AK2
EIF2AK4,EIF2AK4
EIF2B4,EIF2B4
EIF2S1,EIF2S1
EIF2S2,EIF2S2
EIF2S3,EIF2S3
EIF3A,EIF3A
EIF3B,EIF3B
EIF3C,EIF3C
EIF3D,EIF3D
EIF3E,EIF3E
EIF3F,EIF3F
EIF3G,EIF3G
EIF3H,EIF3H
EIF3I,EIF3I
EIF3J,EIF3J
EIF3K,EIF3K
EIF3L,EIF3L
EIF3M,EIF3M
EIF4A1,EIF4A1
EIF4A2,EIF4A2
EIF4A3,EIF4A3
EIF4B,EIF4B
EIF4E,EIF4E
EIF4E2,EIF4E2
EIF4EBP2,EIF4EBP2
EIF4ENIF1,EIF4ENIF1
EIF4G1,EIF4G1
EIF4G2,EIF4G2
EIF4G3,EIF4G3
EIF4H,EIF4H
EIF5,EIF5
EIF5A,EIF5A
EIF5B,EIF5B
EIF6,EIF6
ELAVL1,ELAVL1
ELF2,ELF2
ELF3,ELF3
ELK3,ELK3
ELK4,ELK4
ELL2,ELL2
ELMOD3,ELMOD3
ELMSAN1,ELMSAN1
ELOB,ELOB
ELOC,ELOC
ELP2,ELP2
ELP4,ELP4
EMBP1,EMBP1
EMC1,EMC1
EMC10,EMC10
EMC3,EMC3
EMC4,EMC4
EML6,EML6
EMP1,EMP1
EMP2,EMP2
ENAH,ENAH
ENO1,ENO1
ENOSF1,ENOSF1
ENSA,ENSA
ENY2,ENY2
EP300,EP300
EPB41,EPB41
EPC1,EPC1
EPM2AIP1,EPM2AIP1
EPN1,EPN1
EPN2,EPN2
EPPK1,EPPK1
EPRS,EPRS
EPS15,EPS15
EPS15L1,EPS15L1
EPS8,EPS8
ERBB2,ERBB2
ERBB3,ERBB3
ERBIN,ERBIN
ERC1,ERC1
ERCC1,ERCC1
ERCC4,ERCC4
ERGIC1,ERGIC1
ERGIC2,ERGIC2
ERGIC3,ERGIC3
ERH,ERH
ERLEC1,ERLEC1
ERN1,ERN1
ERO1A,ERO1A
ERP29,ERP29
ERP44,ERP44
ERRFI1,ERRFI1
ESCO2,ESCO2
ESF1,ESF1
ETF1,ETF1
ETFA,ETFA
ETFBKMT,ETFBKMT
ETFDH,ETFDH
ETNK1,ETNK1
ETS1,ETS1
ETV6,ETV6
EVI5,EVI5
EWSR1,EWSR1
EXOSC10,EXOSC10
EXOSC2,EXOSC2
EXOSC6,EXOSC6
EXOSC8,EXOSC8
EXPH5,EXPH5
EXTL3,EXTL3
EYA1,EYA1
EYA3,EYA3
EZH1,EZH1
EZR,EZR
F11R,F11R
F2RL3,F2RL3
F3,F3
FAAP20,FAAP20
FAAP24,FAAP24
FADS3,FADS3
FAF2,FAF2
FAM114A1,FAM114A1
FAM118A,FAM118A
FAM120A,FAM120A
FAM120AOS,FAM120AOS
FAM122C,FAM122C
FAM126A,FAM126A
FAM126B,FAM126B
FAM133B,FAM133B
FAM160B2,FAM160B2
FAM162A,FAM162A
FAM177A1,FAM177A1
FAM193B,FAM193B
FAM204A,FAM204A
FAM20B,FAM20B
FAM221A,FAM221A
FAM227A,FAM227A
FAM228B,FAM228B
FAM241A,FAM241A
FAM3A,FAM3A
FAM3C,FAM3C
FAM49B,FAM49B
FAM71F2,FAM71F2
FAM76A,FAM76A
FAM83A,FAM83A
FAM83F,FAM83F
FAM91A1,FAM91A1
FAM98C,FAM98C
FANCD2,FANCD2
FARP1,FARP1
FAS,FAS
FAT1,FAT1
FAU,FAU
FBL,FBL
FBLIM1,FBLIM1
FBXL18,FBXL18
FBXL20,FBXL20
FBXO11,FBXO11
FBXO15,FBXO15
FBXO2,FBXO2
FBXO22,FBXO22
FBXO32,FBXO32
FBXO48,FBXO48
FBXO9,FBXO9
FBXW2,FBXW2
FCF1,FCF1
FCRL5,FCRL5
FDFT1,FDFT1
FDPS,FDPS
FEM1A,FEM1A
FER,FER
FERMT2,FERMT2
FEZ2,FEZ2
FGD4,FGD4
FGD6,FGD6
FGF13,FGF13
FGFR1,FGFR1
FGFR1OP,FGFR1OP
FGFR1OP2,FGFR1OP2
FHL2,FHL2
FIBP,FIBP
FKBP14,FKBP14
FKBP1A,FKBP1A
FKBP2,FKBP2
FKBP5,FKBP5
FLCN,FLCN
FLII,FLII
FLNB,FLNB
FLRT2,FLRT2
FLYWCH1,FLYWCH1
FMR1,FMR1
FNBP1,FNBP1
FNBP1L,FNBP1L
FNBP4,FNBP4
FNDC3A,FNDC3A
FNDC3B,FNDC3B
FNIP1,FNIP1
FNTA,FNTA
FOS,FOS
FOSL2,FOSL2
FOXJ3,FOXJ3
FOXK1,FOXK1
FOXN3,FOXN3
FOXO3,FOXO3
FOXP1,FOXP1
FRA10AC1,FRA10AC1
FRG1,FRG1
FRK,FRK
FRMD4A,FRMD4A
FRMD6,FRMD6
FRMD8,FRMD8
FRRS1L,FRRS1L
FRYL,FRYL
FSIP2,FSIP2
FSTL1,FSTL1
FTH1,FTH1
FTL,FTL
FTO,FTO
FUBP1,FUBP1
FUNDC2,FUNDC2
FUS,FUS
FUT11,FUT11
FUT8,FUT8
FXN,FXN
FXR1,FXR1
FXYD3,FXYD3
FXYD5,FXYD5
FYTTD1,FYTTD1
FZD3,FZD3
G3BP1,G3BP1
G3BP2,G3BP2
G6PC3,G6PC3
GABARAP,GABARAP
GABARAPL2,GABARAPL2
GABPB2,GABPB2
GABRG2,GABRG2
GALC,GALC
GALNT3,GALNT3
GALNT6,GALNT6
GAN,GAN
GANC,GANC
GAPDH,GAPDH
GAPVD1,GAPVD1
GARS,GARS
GART,GART
GATAD1,GATAD1
GATD1,GATD1
GBP2,GBP2
GBP4,GBP4
GCC2,GCC2
GCLM,GCLM
GCNT2,GCNT2
GCNT3,GCNT3
GDAP2,GDAP2
GDI2,GDI2
GDPGP1,GDPGP1
GEMIN2,GEMIN2
GEMIN6,GEMIN6
GFAP,GFAP
GFM1,GFM1
GFOD2,GFOD2
GFPT1,GFPT1
GGA1,GGA1
GGA2,GGA2
GGCX,GGCX
GGNBP2,GGNBP2
GGPS1,GGPS1
GHITM,GHITM
GHR,GHR
GIGYF1,GIGYF1
GIGYF2,GIGYF2
GINM1,GINM1
GJC1,GJC1
GK5,GK5
GLB1L3,GLB1L3
GLG1,GLG1
GLIPR1,GLIPR1
GLO1,GLO1
GLRX3,GLRX3
GLS,GLS
GLTP,GLTP
GLUD1,GLUD1
GLUL,GLUL
GMEB1,GMEB1
GMFB,GMFB
GMPS,GMPS
GNA11,GNA11
GNAI1,GNAI1
GNAI3,GNAI3
GNAS,GNAS
GNB1,GNB1
GNB4,GNB4
GNB5,GNB5
GNG12,GNG12
GNG5,GNG5
GNL2,GNL2
GNL3,GNL3
GNPTG,GNPTG
GNRHR2,GNRHR2
GOLGA2,GOLGA2
GOLGA3,GOLGA3
GOLGA4,GOLGA4
GOLGA8A,GOLGA8A
GOLGA8B,GOLGA8B
GOLGB1,GOLGB1
GON4L,GON4L
GOSR1,GOSR1
GOSR2,GOSR2
GOT2,GOT2
GPALPP1,GPALPP1
GPATCH2,GPATCH2
GPATCH2L,GPATCH2L
GPATCH8,GPATCH8
GPBP1,GPBP1
GPBP1L1,GPBP1L1
GPI,GPI
GPLD1,GPLD1
GPN2,GPN2
GPR137C,GPR137C
GPR155,GPR155
GPR157,GPR157
GPR21,GPR21
GPR85,GPR85
GPRC5A,GPRC5A
GPSM2,GPSM2
GPX4,GPX4
GRAMD2B,GRAMD2B
GRB2,GRB2
GREM1,GREM1
GRHL2,GRHL2
GRHPR,GRHPR
GRIPAP1,GRIPAP1
GRSF1,GRSF1
GS1-124K5.11,GS1-124K5.11
GSDMB,GSDMB
GSN,GSN
GSPT1,GSPT1
GSS,GSS
GSTK1,GSTK1
GSTM3,GSTM3
GSTO1,GSTO1
GSTO2,GSTO2
GSTP1,GSTP1
GTF2A2,GTF2A2
GTF2F2,GTF2F2
GTF2H2,GTF2H2
GTF2H2C,GTF2H2C
GTF2H5,GTF2H5
GTF2I,GTF2I
GTF2IP1,GTF2IP1
GTF2IRD2,GTF2IRD2
GTF2IRD2B,GTF2IRD2B
GTPBP10,GTPBP10
GTPBP2,GTPBP2
GTPBP4,GTPBP4
GULP1,GULP1
GUSB,GUSB
GVQW3,GVQW3
H1F0,H1F0
H2AFY,H2AFY
H2AFZ,H2AFZ
H3F3A,H3F3A
H3F3B,H3F3B
H6PD,H6PD
HACD1,HACD1
HACD2,HACD2
HACD3,HACD3
HACE1,HACE1
HADH,HADH
HADHA,HADHA
HADHB,HADHB
HAGH,HAGH
HARS,HARS
HAT1,HAT1
HAUS2,HAUS2
HAUS6,HAUS6
HBP1,HBP1
HBS1L,HBS1L
HCAR1,HCAR1
HDAC2,HDAC2
HDAC6,HDAC6
HDAC8,HDAC8
HDDC2,HDDC2
HDGF,HDGF
HDGFL3,HDGFL3
HDLBP,HDLBP
HEATR5A,HEATR5A
HEBP2,HEBP2
HECA,HECA
HECTD1,HECTD1
HECTD4,HECTD4
HELB,HELB
HELLS,HELLS
HELZ,HELZ
HEMK1,HEMK1
HERC1,HERC1
HERC2,HERC2
HERC4,HERC4
HERPUD1,HERPUD1
HES1,HES1
HEXA,HEXA
HGS,HGS
HGSNAT,HGSNAT
HIF1A,HIF1A
HIF1AN,HIF1AN
HIF3A,HIF3A
HIGD1A,HIGD1A
HINFP,HINFP
HINT1,HINT1
HIPK2,HIPK2
HIST1H1C,HIST1H1C
HIST1H4C,HIST1H4C
HIVEP1,HIVEP1
HK1,HK1
HLA-B,HLA-B
HLA-E,HLA-E
HM13,HM13
HMGB1,HMGB1
HMGCS1,HMGCS1
HMGN1,HMGN1
HMGN2,HMGN2
HMOX2,HMOX2
HNRNPA1,HNRNPA1
HNRNPA2B1,HNRNPA2B1
HNRNPA3,HNRNPA3
HNRNPC,HNRNPC
HNRNPD,HNRNPD
HNRNPDL,HNRNPDL
HNRNPF,HNRNPF
HNRNPH1,HNRNPH1
HNRNPH2,HNRNPH2
HNRNPH3,HNRNPH3
HNRNPK,HNRNPK
HNRNPL,HNRNPL
HNRNPM,HNRNPM
HNRNPR,HNRNPR
HNRNPU,HNRNPU
HNRNPUL1,HNRNPUL1
HOMER2,HOMER2
HOOK2,HOOK2
HOOK3,HOOK3
HP1BP3,HP1BP3
HPS4,HPS4
HPS5,HPS5
HSBP1,HSBP1
HSD17B12,HSD17B12
HSD17B2,HSD17B2
HSD17B4,HSD17B4
HSD17B7,HSD17B7
HSP90AA1,HSP90AA1
HSP90AB1,HSP90AB1
HSP90B1,HSP90B1
HSPA12A,HSPA12A
HSPA4,HSPA4
HSPA4L,HSPA4L
HSPA5,HSPA5
HSPA8,HSPA8
HSPA9,HSPA9
HSPD1,HSPD1
HSPE1,HSPE1
HSPH1,HSPH1
HUNK,HUNK
HUWE1,HUWE1
HYOU1,HYOU1
HYPK,HYPK
IAH1,IAH1
IARS,IARS
IBA57,IBA57
IBTK,IBTK
ICA1,ICA1
ICA1L,ICA1L
ICAM1,ICAM1
ICE2,ICE2
IDH3A,IDH3A
IDS,IDS
IER3,IER3
IER3IP1,IER3IP1
IFI16,IFI16
IFITM2,IFITM2
IFITM3,IFITM3
IFNAR1,IFNAR1
IFNGR1,IFNGR1
IFRD1,IFRD1
IFT20,IFT20
IFT22,IFT22
IFT81,IFT81
IGF1R,IGF1R
IGF2R,IGF2R
IGFBP3,IGFBP3
IK,IK
IKBKB,IKBKB
IKZF3,IKZF3
IL17RA,IL17RA
IL32,IL32
IL4R,IL4R
IL6R,IL6R
IL6ST,IL6ST
ILF2,ILF2
ILF3,ILF3
ILK,ILK
IMMT,IMMT
IMPAD1,IMPAD1
IMPDH2,IMPDH2
ING5,ING5
INIP,INIP
INO80C,INO80C
INO80D,INO80D
INPP5B,INPP5B
INSR,INSR
INTS11,INTS11
INTS3,INTS3
INTS6,INTS6
INTU,INTU
IP6K2,IP6K2
IPO5,IPO5
IPO7,IPO7
IPO9,IPO9
IQCG,IQCG
IQGAP1,IQGAP1
IREB2,IREB2
IRF1,IRF1
IRF2,IRF2
IRF2BP2,IRF2BP2
IRF2BPL,IRF2BPL
IRF6,IRF6
IRF9,IRF9
IRGQ,IRGQ
IRS2,IRS2
ISG20L2,ISG20L2
IST1,IST1
ITCH,ITCH
ITGA1,ITGA1
ITGA2,ITGA2
ITGA3,ITGA3
ITGA6,ITGA6
ITGAV,ITGAV
ITGB1,ITGB1
ITGB4,ITGB4
ITGB6,ITGB6
ITGB8,ITGB8
ITM2B,ITM2B
ITPR1,ITPR1
ITPR2,ITPR2
ITPRIPL2,ITPRIPL2
ITSN1,ITSN1
ITSN2,ITSN2
IVD,IVD
JAG1,JAG1
JAK1,JAK1
JKAMP,JKAMP
JMJD1C,JMJD1C
JOSD1,JOSD1
JUN,JUN
JUND,JUND
JUP,JUP
KANK1,KANK1
KANSL1,KANSL1
KANSL1L,KANSL1L
KANSL3,KANSL3
KARS,KARS
KAT6A,KAT6A
KAT6B,KAT6B
KAT7,KAT7
KATNBL1,KATNBL1
KCMF1,KCMF1
KCNB1,KCNB1
KCNC4,KCNC4
KCNE4,KCNE4
KCNJ14,KCNJ14
KCNJ6,KCNJ6
KCNK6,KCNK6
KCNMB1,KCNMB1
KCTD18,KCTD18
KCTD20,KCTD20
KCTD9,KCTD9
KDELR1,KDELR1
KDELR2,KDELR2
KDM2A,KDM2A
KDM5A,KDM5A
KDM5B,KDM5B
KDSR,KDSR
KHDC4,KHDC4
KHDRBS1,KHDRBS1
KIAA0319L,KIAA0319L
KIAA0586,KIAA0586
KIAA0930,KIAA0930
KIAA1109,KIAA1109
KIAA1191,KIAA1191
KIAA1217,KIAA1217
KIAA1324,KIAA1324
KIAA1328,KIAA1328
KIAA1671,KIAA1671
KIAA1841,KIAA1841
KIDINS220,KIDINS220
KIF1B,KIF1B
KIF1C,KIF1C
KIF3A,KIF3A
KIF3B,KIF3B
KIF5B,KIF5B
KIF6,KIF6
KIN,KIN
KLC1,KLC1
KLF10,KLF10
KLF6,KLF6
KLF7,KLF7
KLF8,KLF8
KLHL21,KLHL21
KLHL24,KLHL24
KLHL36,KLHL36
KLHL7,KLHL7
KLLN,KLLN
KLRD1,KLRD1
KMT2A,KMT2A
KMT2C,KMT2C
KMT2E,KMT2E
KNOP1,KNOP1
KNTC1,KNTC1
KPNA1,KPNA1
KPNA4,KPNA4
KPNA5,KPNA5
KPNA6,KPNA6
KPNB1,KPNB1
KREMEN1,KREMEN1
KRIT1,KRIT1
KRR1,KRR1
KRT14,KRT14
KRT17,KRT17
KRT5,KRT5
KRT6B,KRT6B
KRT7,KRT7
KRT8,KRT8
KRTCAP2,KRTCAP2
KTN1,KTN1
KXD1,KXD1
KYNU,KYNU
L2HGDH,L2HGDH
L3MBTL1,L3MBTL1
LAMA3,LAMA3
LAMB3,LAMB3
LAMC1,LAMC1
LAMC2,LAMC2
LAMP1,LAMP1
LAMP2,LAMP2
LAMTOR3,LAMTOR3
LAMTOR5,LAMTOR5
LAPTM4A,LAPTM4A
LARP1,LARP1
LARP4,LARP4
LARP4B,LARP4B
LARS,LARS
LCLAT1,LCLAT1
LCOR,LCOR
LDHA,LDHA
LDHB,LDHB
LDLR,LDLR
LEPROT,LEPROT
LETM1,LETM1
LETMD1,LETMD1
LGALS1,LGALS1
LGALS3,LGALS3
LGALS8,LGALS8
LGMN,LGMN
LHFPL2,LHFPL2
LHFPL5,LHFPL5
LIAS,LIAS
LIMA1,LIMA1
LIMD1,LIMD1
LIMK1,LIMK1
LIMS1,LIMS1
LIN7C,LIN7C
LINC02210,LINC02210
LIPG,LIPG
LITAF,LITAF
LLPH,LLPH
LMAN1,LMAN1
LMBR1L,LMBR1L
LMBRD1,LMBRD1
LMNA,LMNA
LONP2,LONP2
LPIN1,LPIN1
LPIN3,LPIN3
LPP,LPP
LRCH3,LRCH3
LRIG2,LRIG2
LRP10,LRP10
LRP12,LRP12
LRPAP1,LRPAP1
LRPPRC,LRPPRC
LRRC37A2,LRRC37A2
LRRC41,LRRC41
LRRC57,LRRC57
LRRC58,LRRC58
LRRC74B,LRRC74B
LRRC75A,LRRC75A
LRRC8A,LRRC8A
LRRFIP1,LRRFIP1
LRRFIP2,LRRFIP2
LRRK1,LRRK1
LRTM1,LRTM1
LSM12,LSM12
LSM14A,LSM14A
LSM3,LSM3
LSM5,LSM5
LSM8,LSM8
LTBR,LTBR
LTF,LTF
LUC7L,LUC7L
LUC7L2,LUC7L2
LUC7L3,LUC7L3
LYL1,LYL1
LYN,LYN
LYPLA1,LYPLA1
LYRM2,LYRM2
LYRM4,LYRM4
LYRM7,LYRM7
LYST,LYST
M6PR,M6PR
MAB21L3,MAB21L3
MACC1,MACC1
MACF1,MACF1
MAFF,MAFF
MAGED1,MAGED1
MAGI1,MAGI1
MAGI2,MAGI2
MAGT1,MAGT1
MALT1,MALT1
MAN1A2,MAN1A2
MANSC1,MANSC1
MAP1B,MAP1B
MAP1LC3B,MAP1LC3B
MAP2K2,MAP2K2
MAP3K13,MAP3K13
MAP3K2,MAP3K2
MAP3K20,MAP3K20
MAP4,MAP4
MAP4K4,MAP4K4
MAP4K5,MAP4K5
MAPK1,MAPK1
MAPK10,MAPK10
MAPK1IP1L,MAPK1IP1L
MAPK6,MAPK6
MAPKAPK5,MAPKAPK5
MARCH6,MARCH6
MARCH7,MARCH7
MARCKS,MARCKS
MARK3,MARK3
MARS,MARS
MARVELD2,MARVELD2
MARVELD3,MARVELD3
MAST3,MAST3
MAST4,MAST4
MAT2A,MAT2A
MAT2B,MAT2B
MATR3,MATR3
MAU2,MAU2
MAVS,MAVS
MBD3,MBD3
MBD5,MBD5
MBNL1,MBNL1
MBNL2,MBNL2
MBTPS1,MBTPS1
MCCC2,MCCC2
MCF2L2,MCF2L2
MCFD2,MCFD2
MCL1,MCL1
MCM8,MCM8
MCMDC2,MCMDC2
MCPH1,MCPH1
MCUR1,MCUR1
MDH1,MDH1
MDH2,MDH2
MDM2,MDM2
MDM4,MDM4
ME2,ME2
MEA1,MEA1
MEAK7,MEAK7
MECP2,MECP2
MED13,MED13
MED13L,MED13L
MED17,MED17
MED28,MED28
MED6,MED6
MEF2A,MEF2A
MESD,MESD
MET,MET
METAP2,METAP2
METTL16,METTL16
METTL21A,METTL21A
METTL2A,METTL2A
METTL2B,METTL2B
METTL3,METTL3
METTL6,METTL6
METTL7A,METTL7A
METTL8,METTL8
METTL9,METTL9
MFGE8,MFGE8
MFN1,MFN1
MFSD14C,MFSD14C
MFSD8,MFSD8
MGA,MGA
MGP,MGP
MGRN1,MGRN1
MGST1,MGST1
MGST3,MGST3
MIA2,MIA2
MIA3,MIA3
MICAL2,MICAL2
MICAL3,MICAL3
MICOS10,MICOS10
MICOS13,MICOS13
MICU1,MICU1
MIER1,MIER1
MIF,MIF
MIGA1,MIGA1
MINDY2,MINDY2
MIPOL1,MIPOL1
MITD1,MITD1
MIXL1,MIXL1
MKLN1,MKLN1
MKNK1,MKNK1
MKRN1,MKRN1
MLLT6,MLLT6
MLXIP,MLXIP
MMAB,MMAB
MMACHC,MMACHC
MMADHC,MMADHC
MMP14,MMP14
MMP24OS,MMP24OS
MMS22L,MMS22L
MNAT1,MNAT1
MOB1A,MOB1A
MOB3A,MOB3A
MOB4,MOB4
MOK,MOK
MON1B,MON1B
MORC3,MORC3
MORC4,MORC4
MORF4L1,MORF4L1
MORF4L2,MORF4L2
MOSPD2,MOSPD2
MPC2,MPC2
MPHOSPH10,MPHOSPH10
MPHOSPH8,MPHOSPH8
MPHOSPH9,MPHOSPH9
MPLKIP,MPLKIP
MPRIP,MPRIP
MPST,MPST
MPV17,MPV17
MPV17L,MPV17L
MPZL1,MPZL1
MPZL3,MPZL3
MR1,MR1
MRE11,MRE11
MRFAP1,MRFAP1
MRNIP,MRNIP
MRPL14,MRPL14
MRPL20,MRPL20
MRPL3,MRPL3
MRPL32,MRPL32
MRPL33,MRPL33
MRPL42,MRPL42
MRPL48,MRPL48
MRPL51,MRPL51
MRPL52,MRPL52
MRPL57,MRPL57
MRPS10,MRPS10
MRPS15,MRPS15
MRPS16,MRPS16
MRPS17,MRPS17
MRPS18C,MRPS18C
MRPS21,MRPS21
MRPS23,MRPS23
MRPS24,MRPS24
MRPS28,MRPS28
MRPS31,MRPS31
MRPS33,MRPS33
MRPS5,MRPS5
MRPS6,MRPS6
MRPS7,MRPS7
MRRF,MRRF
MRTFB,MRTFB
MRTO4,MRTO4
MSH2,MSH2
MSH6,MSH6
MSI2,MSI2
MSL1,MSL1
MSMO1,MSMO1
MSN,MSN
MSRB3,MSRB3
MT1X,MT1X
MT2A,MT2A
MTA2,MTA2
MTA3,MTA3
MTAP,MTAP
MTDH,MTDH
MTF2,MTF2
MTG2,MTG2
MTHFD1,MTHFD1
MTHFD2,MTHFD2
MTHFD2L,MTHFD2L
MTHFR,MTHFR
MTO1,MTO1
MTPAP,MTPAP
MTPN,MTPN
MTR,MTR
MTREX,MTREX
MTRNR2L1,MTRNR2L1
MTRNR2L10,MTRNR2L10
MTRNR2L2,MTRNR2L2
MTRNR2L4,MTRNR2L4
MTRNR2L6,MTRNR2L6
MTRNR2L8,MTRNR2L8
MTUS1,MTUS1
MVP,MVP
MX2,MX2
MXI1,MXI1
MXRA7,MXRA7
MYADM,MYADM
MYC,MYC
MYCBPAP,MYCBPAP
MYDGF,MYDGF
MYH11,MYH11
MYH9,MYH9
MYL12A,MYL12A
MYL12B,MYL12B
MYL6,MYL6
MYLK,MYLK
MYLK3,MYLK3
MYO10,MYO10
MYO15A,MYO15A
MYO18A,MYO18A
MYO19,MYO19
MYO1B,MYO1B
MYO1C,MYO1C
MYO6,MYO6
MYO9A,MYO9A
MYOF,MYOF
MYORG,MYORG
MYSM1,MYSM1
MYT1L,MYT1L
MZT2A,MZT2A
MZT2B,MZT2B
N4BP2L2,N4BP2L2
NAA15,NAA15
NAA20,NAA20
NAA25,NAA25
NAA50,NAA50
NAA60,NAA60
NAALADL2,NAALADL2
NABP1,NABP1
NACA,NACA
NADSYN1,NADSYN1
NAE1,NAE1
NAGK,NAGK
NAMPT,NAMPT
NANOG,NANOG
NANS,NANS
NAP1L1,NAP1L1
NAP1L4,NAP1L4
NAPG,NAPG
NARF,NARF
NARS,NARS
NASP,NASP
NAV1,NAV1
NAV2,NAV2
NAV3,NAV3
NBEAL1,NBEAL1
NBPF10,NBPF10
NBPF14,NBPF14
NBPF19,NBPF19
NBPF20,NBPF20
NBPF9,NBPF9
NBR1,NBR1
NCBP1,NCBP1
NCBP2,NCBP2
NCBP3,NCBP3
NCK1,NCK1
NCKAP1,NCKAP1
NCL,NCL
NCOA1,NCOA1
NCOA3,NCOA3
NCOA4,NCOA4
NCOA6,NCOA6
NCOA7,NCOA7
NCOR1,NCOR1
ND1,ND1
ND2,ND2
ND3,ND3
ND4,ND4
ND4L,ND4L
ND5,ND5
ND6,ND6
NDRG1,NDRG1
NDRG2,NDRG2
NDUFA1,NDUFA1
NDUFA11,NDUFA11
NDUFA12,NDUFA12
NDUFA13,NDUFA13
NDUFA2,NDUFA2
NDUFA3,NDUFA3
NDUFA4,NDUFA4
NDUFA5,NDUFA5
NDUFA9,NDUFA9
NDUFAB1,NDUFAB1
NDUFB1,NDUFB1
NDUFB11,NDUFB11
NDUFB2,NDUFB2
NDUFB3,NDUFB3
NDUFB4,NDUFB4
NDUFB5,NDUFB5
NDUFB6,NDUFB6
NDUFB8,NDUFB8
NDUFB9,NDUFB9
NDUFC1,NDUFC1
NDUFC2,NDUFC2
NDUFS1,NDUFS1
NDUFS2,NDUFS2
NDUFS4,NDUFS4
NDUFS5,NDUFS5
NDUFS7,NDUFS7
NDUFS8,NDUFS8
NDUFV2,NDUFV2
NDUFV3,NDUFV3
NECTIN4,NECTIN4
NEDD4,NEDD4
NEDD4L,NEDD4L
NEDD8,NEDD8
NEDD9,NEDD9
NEGR1,NEGR1
NEK1,NEK1
NEK9,NEK9
NELFCD,NELFCD
NEMF,NEMF
NEXN,NEXN
NF1,NF1
NF2,NF2
NFASC,NFASC
NFAT5,NFAT5
NFATC2IP,NFATC2IP
NFATC3,NFATC3
NFE2L1,NFE2L1
NFE2L2,NFE2L2
NFIA,NFIA
NFIB,NFIB
NFIC,NFIC
NFKBIA,NFKBIA
NFKBIZ,NFKBIZ
NFX1,NFX1
NFYC,NFYC
NGLY1,NGLY1
NGRN,NGRN
NHLRC2,NHLRC2
NHP2,NHP2
NHSL1,NHSL1
NIBAN1,NIBAN1
NIBAN3,NIBAN3
NIFK,NIFK
NIP7,NIP7
NIPAL3,NIPAL3
NIPBL,NIPBL
NIPSNAP2,NIPSNAP2
NIT2,NIT2
NKAP,NKAP
NKAPD1,NKAPD1
NKIRAS2,NKIRAS2
NKTR,NKTR
NLN,NLN
NMD3,NMD3
NME1,NME1
NME2,NME2
NME6,NME6
NME7,NME7
NMNAT1,NMNAT1
NMNAT3,NMNAT3
NMT1,NMT1
NNMT,NNMT
NOL8,NOL8
NOL9,NOL9
NOLC1,NOLC1
NONO,NONO
NOP10,NOP10
NOP16,NOP16
NOP53,NOP53
NOP56,NOP56
NOP58,NOP58
NOTCH2,NOTCH2
NPAS2,NPAS2
NPAT,NPAT
NPC1,NPC1
NPC2,NPC2
NPEPPS,NPEPPS
NPFFR1,NPFFR1
NPHP3,NPHP3
NPIPA1,NPIPA1
NPIPB12,NPIPB12
NPIPB3,NPIPB3
NPIPB4,NPIPB4
NPIPB5,NPIPB5
NPLOC4,NPLOC4
NPM1,NPM1
NPTN,NPTN
NQO1,NQO1
NQO2,NQO2
NR2C2,NR2C2
NR3C1,NR3C1
NRDC,NRDC
NRDE2,NRDE2
NSA2,NSA2
NSD2,NSD2
NSD3,NSD3
NSFL1C,NSFL1C
NSMCE2,NSMCE2
NSRP1,NSRP1
NSUN4,NSUN4
NT5C2,NT5C2
NT5DC3,NT5DC3
NUB1,NUB1
NUCB2,NUCB2
NUCKS1,NUCKS1
NUDC,NUDC
NUDCD2,NUDCD2
NUDT19,NUDT19
NUDT21,NUDT21
NUDT4,NUDT4
NUDT9,NUDT9
NUFIP2,NUFIP2
NUGGC,NUGGC
NUMA1,NUMA1
NUMB,NUMB
NUP107,NUP107
NUP155,NUP155
NUP214,NUP214
NUP42,NUP42
NUP43,NUP43
NUP50,NUP50
NUP58,NUP58
NUP62,NUP62
NUP85,NUP85
NUP88,NUP88
NUP98,NUP98
NUPR1,NUPR1
NUTF2,NUTF2
NVL,NVL
NXF1,NXF1
NXPE3,NXPE3
OAT,OAT
OAZ1,OAZ1
OAZ2,OAZ2
OCIAD1,OCIAD1
OCIAD2,OCIAD2
OCLN,OCLN
ODF2L,ODF2L
OFD1,OFD1
OGA,OGA
OGFRL1,OGFRL1
OGT,OGT
OLA1,OLA1
OPA3,OPA3
OPHN1,OPHN1
OPRD1,OPRD1
OPTN,OPTN
OR10H1,OR10H1
OR10H5,OR10H5
OR14J1,OR14J1
OR1A1,OR1A1
OR1I1,OR1I1
OR2AT4,OR2AT4
OR2M3,OR2M3
OR4D9,OR4D9
OR4F17,OR4F17
OR5A1,OR5A1
OR5AS1,OR5AS1
OR6C75,OR6C75
OR7C1,OR7C1
OR7D4,OR7D4
ORAI2,ORAI2
ORC2,ORC2
ORC4,ORC4
ORC6,ORC6
ORMDL2,ORMDL2
OSBPL2,OSBPL2
OSBPL9,OSBPL9
OSER1,OSER1
OSGEP,OSGEP
OSMR,OSMR
OST4,OST4
OSTC,OSTC
OSTM1,OSTM1
OTUB1,OTUB1
OTUD4,OTUD4
OTUD7B,OTUD7B
OXA1L,OXA1L
P2RX4,P2RX4
P2RX5-TAX1BP3,P2RX5-TAX1BP3
P3H1,P3H1
P4HB,P4HB
PA2G4,PA2G4
PAAF1,PAAF1
PABPC1,PABPC1
PABPC4,PABPC4
PABPN1,PABPN1
PAFAH1B1,PAFAH1B1
PAFAH1B2,PAFAH1B2
PAICS,PAICS
PAIP1,PAIP1
PAIP2,PAIP2
PAK2,PAK2
PAK4,PAK4
PALLD,PALLD
PAN3,PAN3
PANK3,PANK3
PAPOLA,PAPOLA
PAPOLG,PAPOLG
PAPSS1,PAPSS1
PARD6B,PARD6B
PARK7,PARK7
PARP1,PARP1
PARP14,PARP14
PARVA,PARVA
PATJ,PATJ
PAWR,PAWR
PBRM1,PBRM1
PBX1,PBX1
PCBD2,PCBD2
PCBP1,PCBP1
PCBP2,PCBP2
PCDHA4,PCDHA4
PCDHB1,PCDHB1
PCF11,PCF11
PCLAF,PCLAF
PCM1,PCM1
PCMT1,PCMT1
PCMTD1,PCMTD1
PCMTD2,PCMTD2
PCNP,PCNP
PCNX1,PCNX1
PCNX2,PCNX2
PCNX4,PCNX4
PCSK5,PCSK5
PCSK7,PCSK7
PCYOX1,PCYOX1
PDAP1,PDAP1
PDCD10,PDCD10
PDCD11,PDCD11
PDCD4,PDCD4
PDCD5,PDCD5
PDCD6,PDCD6
PDCD6IP,PDCD6IP
PDE12,PDE12
PDE4B,PDE4B
PDE4DIP,PDE4DIP
PDE6A,PDE6A
PDGFA,PDGFA
PDHB,PDHB
PDIA3,PDIA3
PDIA4,PDIA4
PDIA6,PDIA6
PDK1,PDK1
PDLIM5,PDLIM5
PDP2,PDP2
PDS5A,PDS5A
PDS5B,PDS5B
PDXDC1,PDXDC1
PDXK,PDXK
PEA15,PEA15
PEAK1,PEAK1
PEBP1,PEBP1
PER2,PER2
PERP,PERP
PET100,PET100
PEX13,PEX13
PEX26,PEX26
PFDN1,PFDN1
PFDN2,PFDN2
PFDN4,PFDN4
PFDN5,PFDN5
PFKFB2,PFKFB2
PFKP,PFKP
PFN1,PFN1
PGAM1,PGAM1
PGAM5,PGAM5
PGBD4,PGBD4
PGK1,PGK1
PGM3,PGM3
PGM5P2,PGM5P2
PGPEP1,PGPEP1
PGRMC2,PGRMC2
PHACTR2,PHACTR2
PHACTR4,PHACTR4
PHAX,PHAX
PHB,PHB
PHC3,PHC3
PHF14,PHF14
PHF20,PHF20
PHF20L1,PHF20L1
PHF3,PHF3
PHF6,PHF6
PHGDH,PHGDH
PHIP,PHIP
PHKB,PHKB
PHLDA1,PHLDA1
PHLDB1,PHLDB1
PHLPP2,PHLPP2
PIAS1,PIAS1
PIAS2,PIAS2
PICALM,PICALM
PIGH,PIGH
PIGM,PIGM
PIGN,PIGN
PIGP,PIGP
PIGR,PIGR
PIGT,PIGT
PIK3C2A,PIK3C2A
PIK3C3,PIK3C3
PIK3R1,PIK3R1
PIKFYVE,PIKFYVE
PILRB,PILRB
PINLYP,PINLYP
PITPNB,PITPNB
PJA2,PJA2
PKD1L2,PKD1L2
PKM,PKM
PKN2,PKN2
PKNOX1,PKNOX1
PKP2,PKP2
PLA2G12A,PLA2G12A
PLA2G4C,PLA2G4C
PLA2R1,PLA2R1
PLAU,PLAU
PLAUR,PLAUR
PLCE1,PLCE1
PLCG2,PLCG2
PLCXD1,PLCXD1
PLD3,PLD3
PLEKHA1,PLEKHA1
PLEKHA3,PLEKHA3
PLEKHA5,PLEKHA5
PLEKHB2,PLEKHB2
PLEKHG1,PLEKHG1
PLEKHG2,PLEKHG2
PLEKHH2,PLEKHH2
PLEKHJ1,PLEKHJ1
PLIN2,PLIN2
PLIN5,PLIN5
PLK2,PLK2
PLLP,PLLP
PLOD1,PLOD1
PLOD2,PLOD2
PLOD3,PLOD3
PLP2,PLP2
PLPP2,PLPP2
PLPP5,PLPP5
PLS3,PLS3
PLSCR1,PLSCR1
PLXDC2,PLXDC2
PLXNA3,PLXNA3
PM20D2,PM20D2
PMM2,PMM2
PMPCB,PMPCB
PNISR,PNISR
PNN,PNN
PNPLA8,PNPLA8
PNPO,PNPO
PNPT1,PNPT1
PNRC1,PNRC1
PNRC2,PNRC2
POC1B,POC1B
POGLUT1,POGLUT1
POGZ,POGZ
POLE,POLE
POLK,POLK
POLR1A,POLR1A
POLR1C,POLR1C
POLR1D,POLR1D
POLR2B,POLR2B
POLR2D,POLR2D
POLR2E,POLR2E
POLR2F,POLR2F
POLR2H,POLR2H
POLR2L,POLR2L
POLR3A,POLR3A
POLR3C,POLR3C
POLR3K,POLR3K
POMP,POMP
PON2,PON2
PPA1,PPA1
PPA2,PPA2
PPARA,PPARA
PPFIA1,PPFIA1
PPFIBP1,PPFIBP1
PPHLN1,PPHLN1
PPIA,PPIA
PPIB,PPIB
PPIE,PPIE
PPIG,PPIG
PPIL4,PPIL4
PPIP5K2,PPIP5K2
PPM1A,PPM1A
PPM1F,PPM1F
PPM1G,PPM1G
PPM1K,PPM1K
PPP1CB,PPP1CB
PPP1CC,PPP1CC
PPP1R10,PPP1R10
PPP1R12A,PPP1R12A
PPP1R12B,PPP1R12B
PPP1R13L,PPP1R13L
PPP1R15A,PPP1R15A
PPP1R15B,PPP1R15B
PPP1R2,PPP1R2
PPP1R37,PPP1R37
PPP2CA,PPP2CA
PPP2CB,PPP2CB
PPP2R1A,PPP2R1A
PPP2R2A,PPP2R2A
PPP2R2D,PPP2R2D
PPP2R3A,PPP2R3A
PPP2R5C,PPP2R5C
PPP2R5E,PPP2R5E
PPP3CA,PPP3CA
PPP4C,PPP4C
PPP4R2,PPP4R2
PPP4R3A,PPP4R3A
PPP4R3B,PPP4R3B
PPP6R3,PPP6R3
PRCP,PRCP
PRDM1,PRDM1
PRDX1,PRDX1
PRDX2,PRDX2
PRDX3,PRDX3
PRDX5,PRDX5
PRDX6,PRDX6
PRELID3B,PRELID3B
PRELP,PRELP
PRICKLE2,PRICKLE2
PRKAA1,PRKAA1
PRKAB1,PRKAB1
PRKAG1,PRKAG1
PRKAR1A,PRKAR1A
PRKAR2A,PRKAR2A
PRKDC,PRKDC
PRKX,PRKX
PRMT1,PRMT1
PRMT2,PRMT2
PRNP,PRNP
PROM1,PROM1
PRORP,PRORP
PROSER3,PROSER3
PRPF3,PRPF3
PRPF38A,PRPF38A
PRPF38B,PRPF38B
PRPF39,PRPF39
PRPF40A,PRPF40A
PRPF4B,PRPF4B
PRPF8,PRPF8
PRPSAP1,PRPSAP1
PRR11,PRR11
PRR13,PRR13
PRR3,PRR3
PRRC2B,PRRC2B
PRRC2C,PRRC2C
PRRG4,PRRG4
PRSS23,PRSS23
PRSS8,PRSS8
PRXL2A,PRXL2A
PRXL2C,PRXL2C
PSAP,PSAP
PSD4,PSD4
PSEN1,PSEN1
PSIP1,PSIP1
PSMA1,PSMA1
PSMA2,PSMA2
PSMA3,PSMA3
PSMA4,PSMA4
PSMA5,PSMA5
PSMA6,PSMA6
PSMA7,PSMA7
PSMB1,PSMB1
PSMB2,PSMB2
PSMB3,PSMB3
PSMB4,PSMB4
PSMB5,PSMB5
PSMB6,PSMB6
PSMB7,PSMB7
PSMC1,PSMC1
PSMC2,PSMC2
PSMC3,PSMC3
PSMC4,PSMC4
PSMC5,PSMC5
PSMC6,PSMC6
PSMD1,PSMD1
PSMD11,PSMD11
PSMD12,PSMD12
PSMD13,PSMD13
PSMD14,PSMD14
PSMD2,PSMD2
PSMD4,PSMD4
PSMD6,PSMD6
PSMD7,PSMD7
PSMD8,PSMD8
PSMD9,PSMD9
PSME1,PSME1
PSME2,PSME2
PSME4,PSME4
PSMG3,PSMG3
PSMG4,PSMG4
PSPH,PSPH
PTBP1,PTBP1
PTBP2,PTBP2
PTBP3,PTBP3
PTCD3,PTCD3
PTEN,PTEN
PTGES3,PTGES3
PTGFRN,PTGFRN
PTGR1,PTGR1
PTGR2,PTGR2
PTK2,PTK2
PTK7,PTK7
PTMA,PTMA
PTP4A1,PTP4A1
PTP4A2,PTP4A2
PTPN11,PTPN11
PTPN12,PTPN12
PTPN14,PTPN14
PTPN2,PTPN2
PTPN3,PTPN3
PTPRE,PTPRE
PTPRF,PTPRF
PTPRK,PTPRK
PTTG1IP,PTTG1IP
PUM1,PUM1
PUM2,PUM2
PUM3,PUM3
PUS1,PUS1
PUS7L,PUS7L
PWP1,PWP1
PWWP3A,PWWP3A
PXDN,PXDN
PXMP4,PXMP4
PXN,PXN
PXYLP1,PXYLP1
QKI,QKI
QPRT,QPRT
QRICH1,QRICH1
QTRT2,QTRT2
R3HDM1,R3HDM1
R3HDM2,R3HDM2
RAB11A,RAB11A
RAB11FIP1,RAB11FIP1
RAB12,RAB12
RAB13,RAB13
RAB14,RAB14
RAB18,RAB18
RAB1A,RAB1A
RAB21,RAB21
RAB22A,RAB22A
RAB29,RAB29
RAB2A,RAB2A
RAB33B,RAB33B
RAB3B,RAB3B
RAB3D,RAB3D
RAB3GAP1,RAB3GAP1
RAB3GAP2,RAB3GAP2
RAB3IP,RAB3IP
RAB5B,RAB5B
RAB6A,RAB6A
RAB7A,RAB7A
RAB8A,RAB8A
RABAC1,RABAC1
RABEPK,RABEPK
RABGAP1L,RABGAP1L
RAC1,RAC1
RACK1,RACK1
RAD1,RAD1
RAD21,RAD21
RAD23A,RAD23A
RAD23B,RAD23B
RAD50,RAD50
RAD51C,RAD51C
RAD51D,RAD51D
RAD52,RAD52
RAD54L2,RAD54L2
RAF1,RAF1
RAI14,RAI14
RALBP1,RALBP1
RALGAPA1,RALGAPA1
RAN,RAN
RANBP2,RANBP2
RANGAP1,RANGAP1
RAP1B,RAP1B
RAP2B,RAP2B
RAPGEF2,RAPGEF2
RARRES1,RARRES1
RARS,RARS
RASAL2,RASAL2
RASEF,RASEF
RASGEF1B,RASGEF1B
RASGRP3,RASGRP3
RASSF3,RASSF3
RB1CC1,RB1CC1
RBBP4,RBBP4
RBBP5,RBBP5
RBBP6,RBBP6
RBBP7,RBBP7
RBBP8,RBBP8
RBFOX2,RBFOX2
RBIS,RBIS
RBM17,RBM17
RBM23,RBM23
RBM25,RBM25
RBM26,RBM26
RBM28,RBM28
RBM3,RBM3
RBM34,RBM34
RBM39,RBM39
RBM4,RBM4
RBM47,RBM47
RBM5,RBM5
RBM6,RBM6
RBM7,RBM7
RBM8A,RBM8A
RBMS1,RBMS1
RBMS2,RBMS2
RBMS3,RBMS3
RBMX,RBMX
RBPJ,RBPJ
RBPMS,RBPMS
RBSN,RBSN
RBX1,RBX1
RC3H1,RC3H1
RC3H2,RC3H2
RCAN1,RCAN1
RCHY1,RCHY1
RCN1,RCN1
RCN2,RCN2
RDH11,RDH11
RDH13,RDH13
RDX,RDX
REEP3,REEP3
REEP5,REEP5
REL,REL
RELCH,RELCH
REPS2,REPS2
RERE,RERE
RETREG2,RETREG2
REV3L,REV3L
REX1BD,REX1BD
REXO2,REXO2
RFC1,RFC1
RFFL,RFFL
RGPD5,RGPD5
RGPD6,RGPD6
RGS12,RGS12
RHBDF2,RHBDF2
RHEB,RHEB
RHOA,RHOA
RHOC,RHOC
RICTOR,RICTOR
RIF1,RIF1
RILPL1,RILPL1
RILPL2,RILPL2
RIN2,RIN2
RIOK3,RIOK3
RIT1,RIT1
RLIM,RLIM
RMDN1,RMDN1
RMND5A,RMND5A
RNASEH2A,RNASEH2A
RNASEH2B,RNASEH2B
RNASEK,RNASEK
RND3,RND3
RNF10,RNF10
RNF103,RNF103
RNF114,RNF114
RNF115,RNF115
RNF125,RNF125
RNF13,RNF13
RNF130,RNF130
RNF144B,RNF144B
RNF149,RNF149
RNF152,RNF152
RNF168,RNF168
RNF181,RNF181
RNF19A,RNF19A
RNF213,RNF213
RNF217,RNF217
RNF24,RNF24
RNF4,RNF4
RNF41,RNF41
RNF7,RNF7
RNFT2,RNFT2
RNMT,RNMT
RNPC3,RNPC3
RNPS1,RNPS1
RO60,RO60
ROCK1,ROCK1
ROCK2,ROCK2
ROMO1,ROMO1
RPAIN,RPAIN
RPAP2,RPAP2
RPF2,RPF2
RPGRIP1L,RPGRIP1L
RPL10,RPL10
RPL10A,RPL10A
RPL11,RPL11
RPL12,RPL12
RPL13,RPL13
RPL13A,RPL13A
RPL14,RPL14
RPL15,RPL15
RPL17,RPL17
RPL18,RPL18
RPL18A,RPL18A
RPL19,RPL19
RPL21,RPL21
RPL22,RPL22
RPL22L1,RPL22L1
RPL23,RPL23
RPL23A,RPL23A
RPL24,RPL24
RPL26,RPL26
RPL27,RPL27
RPL27A,RPL27A
RPL28,RPL28
RPL29,RPL29
RPL3,RPL3
RPL30,RPL30
RPL31,RPL31
RPL32,RPL32
RPL34,RPL34
RPL35,RPL35
RPL35A,RPL35A
RPL36,RPL36
RPL36A,RPL36A
RPL36AL,RPL36AL
RPL37,RPL37
RPL37A,RPL37A
RPL38,RPL38
RPL39,RPL39
RPL4,RPL4
RPL41,RPL41
RPL5,RPL5
RPL6,RPL6
RPL7,RPL7
RPL7A,RPL7A
RPL7L1,RPL7L1
RPL8,RPL8
RPL9,RPL9
RPLP0,RPLP0
RPLP1,RPLP1
RPLP2,RPLP2
RPN1,RPN1
RPN2,RPN2
RPP14,RPP14
RPP30,RPP30
RPS10,RPS10
RPS10-NUDT3,RPS10-NUDT3
RPS11,RPS11
RPS12,RPS12
RPS13,RPS13
RPS14,RPS14
RPS15,RPS15
RPS15A,RPS15A
RPS16,RPS16
RPS17,RPS17
RPS18,RPS18
RPS19,RPS19
RPS2,RPS2
RPS20,RPS20
RPS21,RPS21
RPS23,RPS23
RPS24,RPS24
RPS25,RPS25
RPS26,RPS26
RPS27,RPS27
RPS27A,RPS27A
RPS27L,RPS27L
RPS28,RPS28
RPS29,RPS29
RPS3,RPS3
RPS3A,RPS3A
RPS4X,RPS4X
RPS5,RPS5
RPS6,RPS6
RPS6KA3,RPS6KA3
RPS6KA5,RPS6KA5
RPS6KB1,RPS6KB1
RPS7,RPS7
RPS8,RPS8
RPS9,RPS9
RPSA,RPSA
RRAGC,RRAGC
RRBP1,RRBP1
RREB1,RREB1
RRP1,RRP1
RRP12,RRP12
RRP15,RRP15
RSBN1L,RSBN1L
RSF1,RSF1
RSKR,RSKR
RSL1D1,RSL1D1
RSL24D1,RSL24D1
RSPH3,RSPH3
RSPRY1,RSPRY1
RSRC1,RSRC1
RSRC2,RSRC2
RSRP1,RSRP1
RSU1,RSU1
RTCB,RTCB
RTF1,RTF1
RTN3,RTN3
RTN4,RTN4
RTRAF,RTRAF
RTTN,RTTN
RUFY2,RUFY2
RUNX1,RUNX1
RUVBL2,RUVBL2
RWDD1,RWDD1
RYK,RYK
RYR3,RYR3
S100A10,S100A10
S100A11,S100A11
S100A14,S100A14
S100A16,S100A16
S100A6,S100A6
S100PBP,S100PBP
S1PR2,S1PR2
SAA1,SAA1
SAA2,SAA2
SAFB2,SAFB2
SAG,SAG
SAMD12,SAMD12
SAMD4A,SAMD4A
SAMD4B,SAMD4B
SAMD5,SAMD5
SAMD8,SAMD8
SAMHD1,SAMHD1
SAP18,SAP18
SAR1A,SAR1A
SAR1B,SAR1B
SARAF,SARAF
SARNP,SARNP
SARS,SARS
SAT1,SAT1
SATL1,SATL1
SAV1,SAV1
SBDS,SBDS
SBF2,SBF2
SBNO1,SBNO1
SCAF11,SCAF11
SCAI,SCAI
SCAMP4,SCAMP4
SCARB2,SCARB2
SCD5,SCD5
SCFD1,SCFD1
SCIN,SCIN
SCLY,SCLY
SCN1B,SCN1B
SCN2A,SCN2A
SCNM1,SCNM1
SCNN1A,SCNN1A
SCO1,SCO1
SCPEP1,SCPEP1
SCRG1,SCRG1
SCYL3,SCYL3
SDAD1,SDAD1
SDC3,SDC3
SDC4,SDC4
SDCBP,SDCBP
SDCCAG8,SDCCAG8
SDHA,SDHA
SDHB,SDHB
SDHC,SDHC
SDHD,SDHD
SEC11A,SEC11A
SEC11C,SEC11C
SEC14L1,SEC14L1
SEC22B,SEC22B
SEC22C,SEC22C
SEC23A,SEC23A
SEC23IP,SEC23IP
SEC24D,SEC24D
SEC31A,SEC31A
SEC61A1,SEC61A1
SEC61B,SEC61B
SEC61G,SEC61G
SEC62,SEC62
SEC63,SEC63
SECISBP2,SECISBP2
SECISBP2L,SECISBP2L
SEH1L,SEH1L
SEL1L,SEL1L
SELENOF,SELENOF
SELENOK,SELENOK
SELENOM,SELENOM
SELENOS,SELENOS
SELENOT,SELENOT
SELENOW,SELENOW
SEM1,SEM1
SEMA3C,SEMA3C
SENP2,SENP2
SENP5,SENP5
SENP6,SENP6
SENP7,SENP7
SEPTIN11,SEPTIN11
SEPTIN2,SEPTIN2
SEPTIN7,SEPTIN7
SEPTIN7P2,SEPTIN7P2
SERAC1,SERAC1
SERBP1,SERBP1
SERF2,SERF2
SERINC1,SERINC1
SERINC3,SERINC3
SERINC5,SERINC5
SERP1,SERP1
SERPINA3,SERPINA3
SERPINB1,SERPINB1
SERPINB5,SERPINB5
SERPINB6,SERPINB6
SERPINH1,SERPINH1
SESTD1,SESTD1
SET,SET
SETD2,SETD2
SETD5,SETD5
SETD7,SETD7
SETDB2,SETDB2
SETX,SETX
SEZ6,SEZ6
SF1,SF1
SF3A3,SF3A3
SF3B1,SF3B1
SF3B2,SF3B2
SF3B3,SF3B3
SF3B5,SF3B5
SF3B6,SF3B6
SFI1,SFI1
SFN,SFN
SFPQ,SFPQ
SFRP1,SFRP1
SFT2D1,SFT2D1
SFT2D2,SFT2D2
SFXN1,SFXN1
SFXN2,SFXN2
SFXN5,SFXN5
SGCB,SGCB
SGCE,SGCE
SGK1,SGK1
SGK3,SGK3
SGPL1,SGPL1
SH2D3A,SH2D3A
SH3BGRL3,SH3BGRL3
SH3BP2,SH3BP2
SH3GL1,SH3GL1
SH3GLB1,SH3GLB1
SH3YL1,SH3YL1
SHC1,SHC1
SHISA2,SHISA2
SHISA9,SHISA9
SHMT2,SHMT2
SHOC2,SHOC2
SHPRH,SHPRH
SIK3,SIK3
SIN3A,SIN3A
SINHCAF,SINHCAF
SIPA1L1,SIPA1L1
SIRT2,SIRT2
SKA1,SKA1
SKAP2,SKAP2
SKIL,SKIL
SKP1,SKP1
SLC11A1,SLC11A1
SLC11A2,SLC11A2
SLC12A2,SLC12A2
SLC12A9,SLC12A9
SLC15A4,SLC15A4
SLC16A1,SLC16A1
SLC16A10,SLC16A10
SLC16A7,SLC16A7
SLC19A3,SLC19A3
SLC1A2,SLC1A2
SLC1A6,SLC1A6
SLC24A2,SLC24A2
SLC25A16,SLC25A16
SLC25A3,SLC25A3
SLC25A36,SLC25A36
SLC25A37,SLC25A37
SLC25A45,SLC25A45
SLC25A5,SLC25A5
SLC25A6,SLC25A6
SLC27A1,SLC27A1
SLC27A5,SLC27A5
SLC29A4,SLC29A4
SLC2A11,SLC2A11
SLC30A4,SLC30A4
SLC30A5,SLC30A5
SLC30A7,SLC30A7
SLC30A9,SLC30A9
SLC31A1,SLC31A1
SLC33A1,SLC33A1
SLC34A2,SLC34A2
SLC35A3,SLC35A3
SLC35B1,SLC35B1
SLC35D2,SLC35D2
SLC35E1,SLC35E1
SLC35E2A,SLC35E2A
SLC35E3,SLC35E3
SLC35F2,SLC35F2
SLC35F6,SLC35F6
SLC37A3,SLC37A3
SLC38A1,SLC38A1
SLC38A2,SLC38A2
SLC39A10,SLC39A10
SLC39A14,SLC39A14
SLC39A6,SLC39A6
SLC39A9,SLC39A9
SLC3A2,SLC3A2
SLC43A3,SLC43A3
SLC44A1,SLC44A1
SLC48A1,SLC48A1
SLC4A1AP,SLC4A1AP
SLC4A7,SLC4A7
SLC4A8,SLC4A8
SLC50A1,SLC50A1
SLC5A3,SLC5A3
SLC7A11,SLC7A11
SLC7A14,SLC7A14
SLC9A7,SLC9A7
SLCO3A1,SLCO3A1
SLFN12L,SLFN12L
SLFN5,SLFN5
SLIRP,SLIRP
SLK,SLK
SLMAP,SLMAP
SLTM,SLTM
SLU7,SLU7
SMAD2,SMAD2
SMAD5,SMAD5
SMAGP,SMAGP
SMARCA2,SMARCA2
SMARCA4,SMARCA4
SMARCA5,SMARCA5
SMARCB1,SMARCB1
SMARCC1,SMARCC1
SMARCC2,SMARCC2
SMARCE1,SMARCE1
SMC1A,SMC1A
SMC3,SMC3
SMC5,SMC5
SMCHD1,SMCHD1
SMG1,SMG1
SMIM11B,SMIM11B
SMIM12,SMIM12
SMIM14,SMIM14
SMIM26,SMIM26
SMIM7,SMIM7
SMS,SMS
SMU1,SMU1
SMURF2,SMURF2
SMYD4,SMYD4
SNAP23,SNAP23
SNAP29,SNAP29
SNAPC1,SNAPC1
SND1,SND1
SNF8,SNF8
SNIP1,SNIP1
SNRNP200,SNRNP200
SNRNP27,SNRNP27
SNRNP35,SNRNP35
SNRPA1,SNRPA1
SNRPB,SNRPB
SNRPB2,SNRPB2
SNRPC,SNRPC
SNRPD1,SNRPD1
SNRPD2,SNRPD2
SNRPD3,SNRPD3
SNRPE,SNRPE
SNRPF,SNRPF
SNRPG,SNRPG
SNTB2,SNTB2
SNU13,SNU13
SNW1,SNW1
SNX1,SNX1
SNX13,SNX13
SNX14,SNX14
SNX15,SNX15
SNX22,SNX22
SNX27,SNX27
SNX3,SNX3
SNX5,SNX5
SNX6,SNX6
SOCS2,SOCS2
SOD1,SOD1
SOD2,SOD2
SON,SON
SORBS1,SORBS1
SORT1,SORT1
SOS2,SOS2
SOX4,SOX4
SOX9,SOX9
SP1,SP1
SP100,SP100
SP110,SP110
SPAG7,SPAG7
SPAG9,SPAG9
SPARCL1,SPARCL1
SPART,SPART
SPAST,SPAST
SPATA17,SPATA17
SPATA6L,SPATA6L
SPATS2,SPATS2
SPATS2L,SPATS2L
SPC24,SPC24
SPCS1,SPCS1
SPCS2,SPCS2
SPCS3,SPCS3
SPECC1,SPECC1
SPEN,SPEN
SPG11,SPG11
SPG21,SPG21
SPG7,SPG7
SPIB,SPIB
SPIDR,SPIDR
SPIN1,SPIN1
SPIN3,SPIN3
SPINK9,SPINK9
SPINT1,SPINT1
SPINT2,SPINT2
SPIRE1,SPIRE1
SPIRE2,SPIRE2
SPN,SPN
SPOP,SPOP
SPPL2A,SPPL2A
SPPL3,SPPL3
SPRYD4,SPRYD4
SPTAN1,SPTAN1
SPTBN1,SPTBN1
SPTLC1,SPTLC1
SPTLC2,SPTLC2
SPTLC3,SPTLC3
SQOR,SQOR
SQSTM1,SQSTM1
SRD5A1,SRD5A1
SREK1,SREK1
SREK1IP1,SREK1IP1
SRGAP1,SRGAP1
SRGAP2,SRGAP2
SRGAP2B,SRGAP2B
SRGAP3,SRGAP3
SRI,SRI
SRP14,SRP14
SRP19,SRP19
SRP54,SRP54
SRP72,SRP72
SRP9,SRP9
SRPK1,SRPK1
SRPRA,SRPRA
SRPRB,SRPRB
SRRM1,SRRM1
SRRM2,SRRM2
SRSF10,SRSF10
SRSF11,SRSF11
SRSF2,SRSF2
SRSF3,SRSF3
SRSF4,SRSF4
SRSF5,SRSF5
SRSF6,SRSF6
SRSF7,SRSF7
SRSF9,SRSF9
SS18,SS18
SSB,SSB
SSBP1,SSBP1
SSBP2,SSBP2
SSH1,SSH1
SSR1,SSR1
SSR2,SSR2
SSR3,SSR3
SSR4,SSR4
SSRP1,SSRP1
SSTR2,SSTR2
SSU72,SSU72
ST13,ST13
ST3GAL2,ST3GAL2
ST3GAL3,ST3GAL3
ST3GAL5,ST3GAL5
ST5,ST5
ST8SIA1,ST8SIA1
STAG2,STAG2
STAM2,STAM2
STAP2,STAP2
STARD7,STARD7
STARD9,STARD9
STAT2,STAT2
STAT3,STAT3
STAT6,STAT6
STAU1,STAU1
STC2,STC2
STEAP2,STEAP2
STK25,STK25
STK3,STK3
STK4,STK4
STMN1,STMN1
STMP1,STMP1
STOM,STOM
STPG1,STPG1
STRAP,STRAP
STRBP,STRBP
STRN3,STRN3
STT3A,STT3A
STT3B,STT3B
STX16,STX16
STX3,STX3
STX7,STX7
STXBP3,STXBP3
SUB1,SUB1
SUCLG1,SUCLG1
SUCO,SUCO
SUDS3,SUDS3
SUGP2,SUGP2
SUGT1,SUGT1
SULT1A1,SULT1A1
SULT1B1,SULT1B1
SUMF2,SUMF2
SUMO1,SUMO1
SUMO2,SUMO2
SUN1,SUN1
SUPT16H,SUPT16H
SUPT20H,SUPT20H
SUPT5H,SUPT5H
SUPT6H,SUPT6H
SURF4,SURF4
SUSD6,SUSD6
SUZ12,SUZ12
SVIL,SVIL
SWAP70,SWAP70
SYAP1,SYAP1
SYF2,SYF2
SYNCRIP,SYNCRIP
SYNE1,SYNE1
SYNE2,SYNE2
SYNE3,SYNE3
SYNGR2,SYNGR2
SYNJ2,SYNJ2
SYNJ2BP,SYNJ2BP
SYNM,SYNM
SYNPO2,SYNPO2
SYNRG,SYNRG
SYPL1,SYPL1
SYTL2,SYTL2
SZT2,SZT2
TAB2,TAB2
TAB3,TAB3
TACC1,TACC1
TACC2,TACC2
TACSTD2,TACSTD2
TADA2A,TADA2A
TAF1D,TAF1D
TAF7,TAF7
TAF8,TAF8
TAGLN,TAGLN
TAGLN2,TAGLN2
TALDO1,TALDO1
TANGO6,TANGO6
TANK,TANK
TAOK1,TAOK1
TAOK3,TAOK3
TARDBP,TARDBP
TARS,TARS
TARS2,TARS2
TASOR,TASOR
TASOR2,TASOR2
TATDN1,TATDN1
TAX1BP1,TAX1BP1
TBC1D1,TBC1D1
TBC1D15,TBC1D15
TBC1D5,TBC1D5
TBC1D7,TBC1D7
TBC1D8B,TBC1D8B
TBCA,TBCA
TBCE,TBCE
TBK1,TBK1
TBL1X,TBL1X
TBL1XR1,TBL1XR1
TBRG1,TBRG1
TCAF1,TCAF1
TCAF2,TCAF2
TCEA1,TCEA1
TCEAL9,TCEAL9
TCEANC2,TCEANC2
TCERG1,TCERG1
TCF23,TCF23
TCF25,TCF25
TCF4,TCF4
TCF7L1,TCF7L1
TCF7L2,TCF7L2
TCOF1,TCOF1
TCP1,TCP1
TCTN1,TCTN1
TCTN2,TCTN2
TDG,TDG
TECR,TECR
TEP1,TEP1
TERF1,TERF1
TERF2,TERF2
TERF2IP,TERF2IP
TES,TES
TET2,TET2
TEX2,TEX2
TEX9,TEX9
TF,TF
TFAP2C,TFAP2C
TFAP4,TFAP4
TFDP2,TFDP2
TFG,TFG
TFPI,TFPI
TFRC,TFRC
TGIF1,TGIF1
TGOLN2,TGOLN2
THADA,THADA
THAP5,THAP5
THAP6,THAP6
THBS1,THBS1
THOC2,THOC2
THOC5,THOC5
THRAP3,THRAP3
THUMPD1,THUMPD1
THUMPD3,THUMPD3
TIA1,TIA1
TIAL1,TIAL1
TIGD1,TIGD1
TIMM17A,TIMM17A
TIMM17B,TIMM17B
TIMM44,TIMM44
TIMM50,TIMM50
TIMP1,TIMP1
TINAGL1,TINAGL1
TIPRL,TIPRL
TJP1,TJP1
TJP2,TJP2
TKT,TKT
TLCD2,TLCD2
TLK1,TLK1
TLK2,TLK2
TLN1,TLN1
TLR2,TLR2
TM2D1,TM2D1
TM2D3,TM2D3
TM4SF1,TM4SF1
TM7SF3,TM7SF3
TM9SF2,TM9SF2
TM9SF3,TM9SF3
TMA7,TMA7
TMBIM1,TMBIM1
TMBIM4,TMBIM4
TMBIM6,TMBIM6
TMCO1,TMCO1
TMCO3,TMCO3
TMED10,TMED10
TMED2,TMED2
TMED3,TMED3
TMED4,TMED4
TMED5,TMED5
TMED7,TMED7
TMED9,TMED9
TMEM106B,TMEM106B
TMEM116,TMEM116
TMEM120B,TMEM120B
TMEM123,TMEM123
TMEM127,TMEM127
TMEM134,TMEM134
TMEM138,TMEM138
TMEM14B,TMEM14B
TMEM14C,TMEM14C
TMEM154,TMEM154
TMEM159,TMEM159
TMEM161B,TMEM161B
TMEM165,TMEM165
TMEM167A,TMEM167A
TMEM167B,TMEM167B
TMEM170A,TMEM170A
TMEM181,TMEM181
TMEM189,TMEM189
TMEM192,TMEM192
TMEM199,TMEM199
TMEM209,TMEM209
TMEM212,TMEM212
TMEM236,TMEM236
TMEM241,TMEM241
TMEM245,TMEM245
TMEM258,TMEM258
TMEM30A,TMEM30A
TMEM33,TMEM33
TMEM40,TMEM40
TMEM41A,TMEM41A
TMEM41B,TMEM41B
TMEM43,TMEM43
TMEM45A,TMEM45A
TMEM50A,TMEM50A
TMEM50B,TMEM50B
TMEM59,TMEM59
TMEM67,TMEM67
TMEM68,TMEM68
TMEM87A,TMEM87A
TMEM8B,TMEM8B
TMF1,TMF1
TMOD3,TMOD3
TMSB10,TMSB10
TMSB4X,TMSB4X
TMTC3,TMTC3
TMX1,TMX1
TNC,TNC
TNFAIP2,TNFAIP2
TNFAIP3,TNFAIP3
TNFAIP8,TNFAIP8
TNFAIP8L1,TNFAIP8L1
TNFRSF12A,TNFRSF12A
TNFRSF1A,TNFRSF1A
TNFRSF9,TNFRSF9
TNFSF10,TNFSF10
TNKS,TNKS
TNKS2,TNKS2
TNPO1,TNPO1
TNRC6A,TNRC6A
TNRC6B,TNRC6B
TOB1,TOB1
TOGARAM1,TOGARAM1
TOGARAM2,TOGARAM2
TOMM20,TOMM20
TOMM22,TOMM22
TOMM5,TOMM5
TOMM6,TOMM6
TOMM7,TOMM7
TOP1,TOP1
TOP2B,TOP2B
TOR1AIP1,TOR1AIP1
TOR1AIP2,TOR1AIP2
TOX4,TOX4
TP53,TP53
TP53BP1,TP53BP1
TPD52,TPD52
TPD52L1,TPD52L1
TPH2,TPH2
TPI1,TPI1
TPM1,TPM1
TPM3,TPM3
TPM4,TPM4
TPP2,TPP2
TPR,TPR
TPT1,TPT1
TPTEP1,TPTEP1
TRA2A,TRA2A
TRA2B,TRA2B
TRAF3IP2,TRAF3IP2
TRAM1,TRAM1
TRAP1,TRAP1
TRAPPC12,TRAPPC12
TRAPPC2,TRAPPC2
TRAPPC3,TRAPPC3
TRAPPC3L,TRAPPC3L
TRAPPC4,TRAPPC4
TRAPPC5,TRAPPC5
TRAPPC8,TRAPPC8
TRIB1,TRIB1
TRIM13,TRIM13
TRIM22,TRIM22
TRIM33,TRIM33
TRIM38,TRIM38
TRIM41,TRIM41
TRIM44,TRIM44
TRIM56,TRIM56
TRIM69,TRIM69
TRIM72,TRIM72
TRIM73,TRIM73
TRIM8,TRIM8
TRIO,TRIO
TRIP11,TRIP11
TRIP12,TRIP12
TRMT10B,TRMT10B
TRMT112,TRMT112
TRMT9B,TRMT9B
TRNAU1AP,TRNAU1AP
TRNT1,TRNT1
TRPM4,TRPM4
TRPM7,TRPM7
TRPS1,TRPS1
TRRAP,TRRAP
TRUB2,TRUB2
TSC1,TSC1
TSC2,TSC2
TSC22D1,TSC22D1
TSC22D2,TSC22D2
TSEN15,TSEN15
TSG101,TSG101
TSHR,TSHR
TSHZ2,TSHZ2
TSNAX,TSNAX
TSPAN10,TSPAN10
TSPAN14,TSPAN14
TSPAN31,TSPAN31
TSPO,TSPO
TSPYL1,TSPYL1
TTC1,TTC1
TTC14,TTC14
TTC17,TTC17
TTC19,TTC19
TTC3,TTC3
TTC37,TTC37
TTC39B,TTC39B
TTC39C,TTC39C
TTC7B,TTC7B
TTL,TTL
TTLL3,TTLL3
TTLL5,TTLL5
TTPAL,TTPAL
TUBA1A,TUBA1A
TUBA1B,TUBA1B
TUBA1C,TUBA1C
TUBB,TUBB
TUBB4B,TUBB4B
TUBB6,TUBB6
TUBE1,TUBE1
TUBGCP2,TUBGCP2
TUBGCP4,TUBGCP4
TUBGCP5,TUBGCP5
TUFM,TUFM
TULP4,TULP4
TUT4,TUT4
TUT7,TUT7
TVP23B,TVP23B
TVP23C,TVP23C
TXLNA,TXLNA
TXN,TXN
TXN2,TXN2
TXNDC15,TXNDC15
TXNDC5,TXNDC5
TXNIP,TXNIP
TXNL1,TXNL1
TXNRD1,TXNRD1
TXNRD2,TXNRD2
TYRO3,TYRO3
TYW3,TYW3
TYW5,TYW5
U2AF1,U2AF1
U2AF1L5,U2AF1L5
U2SURP,U2SURP
UACA,UACA
UBA1,UBA1
UBA2,UBA2
UBA3,UBA3
UBA52,UBA52
UBA6,UBA6
UBAP2,UBAP2
UBAP2L,UBAP2L
UBB,UBB
UBC,UBC
UBE2B,UBE2B
UBE2D3,UBE2D3
UBE2G2,UBE2G2
UBE2H,UBE2H
UBE2I,UBE2I
UBE2K,UBE2K
UBE2L3,UBE2L3
UBE2N,UBE2N
UBE2R2,UBE2R2
UBE2V1,UBE2V1
UBE2V2,UBE2V2
UBE2W,UBE2W
UBE2Z,UBE2Z
UBE3A,UBE3A
UBE3C,UBE3C
UBE4A,UBE4A
UBE4B,UBE4B
UBL5,UBL5
UBN2,UBN2
UBQLN1,UBQLN1
UBR1,UBR1
UBR2,UBR2
UBR4,UBR4
UBR5,UBR5
UBXN1,UBXN1
UBXN2A,UBXN2A
UBXN4,UBXN4
UBXN7,UBXN7
UCHL3,UCHL3
UEVLD,UEVLD
UFC1,UFC1
UFD1,UFD1
UFM1,UFM1
UGCG,UGCG
UGDH,UGDH
UGGT1,UGGT1
UGGT2,UGGT2
UGP2,UGP2
UHRF1BP1L,UHRF1BP1L
UIMC1,UIMC1
UMPS,UMPS
UPF2,UPF2
UPF3A,UPF3A
UQCC2,UQCC2
UQCR10,UQCR10
UQCR11,UQCR11
UQCRB,UQCRB
UQCRC1,UQCRC1
UQCRC2,UQCRC2
UQCRH,UQCRH
UQCRQ,UQCRQ
USF3,USF3
USHBP1,USHBP1
USO1,USO1
USP14,USP14
USP15,USP15
USP16,USP16
USP22,USP22
USP3,USP3
USP31,USP31
USP33,USP33
USP34,USP34
USP4,USP4
USP47,USP47
USP49,USP49
USP53,USP53
USP54,USP54
USP6NL,USP6NL
USP7,USP7
USP8,USP8
USP9X,USP9X
UTP11,UTP11
UTP20,UTP20
UTP6,UTP6
UVRAG,UVRAG
UVSSA,UVSSA
VAMP8,VAMP8
VAPA,VAPA
VASP,VASP
VCL,VCL
VCP,VCP
VDAC1,VDAC1
VDAC2,VDAC2
VDAC3,VDAC3
VEGFA,VEGFA
VEZT,VEZT
VGLL3,VGLL3
VGLL4,VGLL4
VHL,VHL
VIM,VIM
VIRMA,VIRMA
VMP1,VMP1
VPS13A,VPS13A
VPS13B,VPS13B
VPS13C,VPS13C
VPS26C,VPS26C
VPS29,VPS29
VPS33A,VPS33A
VPS35,VPS35
VPS35L,VPS35L
VPS36,VPS36
VPS37B,VPS37B
VPS4B,VPS4B
VPS53,VPS53
VRK3,VRK3
VTA1,VTA1
VTI1A,VTI1A
WAC,WAC
WAPL,WAPL
WARS,WARS
WASF2,WASF2
WASHC4,WASHC4
WBP11,WBP11
WBP1L,WBP1L
WBP2,WBP2
WDPCP,WDPCP
WDR1,WDR1
WDR11,WDR11
WDR12,WDR12
WDR13,WDR13
WDR19,WDR19
WDR26,WDR26
WDR3,WDR3
WDR31,WDR31
WDR43,WDR43
WDR45B,WDR45B
WDR55,WDR55
WDR59,WDR59
WDR62,WDR62
WDR66,WDR66
WDR73,WDR73
WDR74,WDR74
WDR83OS,WDR83OS
WDR90,WDR90
WEE1,WEE1
WFDC1,WFDC1
WFDC2,WFDC2
WHAMM,WHAMM
WIPF2,WIPF2
WIPI1,WIPI1
WIPI2,WIPI2
WNK1,WNK1
WSB1,WSB1
WSB2,WSB2
WTAP,WTAP
WTIP,WTIP
WWTR1,WWTR1
XAF1,XAF1
XBP1,XBP1
XIAP,XIAP
XPNPEP3,XPNPEP3
XPO1,XPO1
XPO5,XPO5
XPOT,XPOT
XRCC2,XRCC2
XRCC5,XRCC5
XRCC6,XRCC6
XRN1,XRN1
XRN2,XRN2
XRRA1,XRRA1
XYLT2,XYLT2
YAF2,YAF2
YAP1,YAP1
YARS,YARS
YBX1,YBX1
YBX3,YBX3
YIPF3,YIPF3
YIPF4,YIPF4
YIPF5,YIPF5
YIPF6,YIPF6
YLPM1,YLPM1
YME1L1,YME1L1
YPEL5,YPEL5
YTHDC1,YTHDC1
YTHDF2,YTHDF2
YWHAB,YWHAB
YWHAE,YWHAE
YWHAG,YWHAG
YWHAH,YWHAH
YWHAQ,YWHAQ
YWHAZ,YWHAZ
YY1,YY1
ZADH2,ZADH2
ZBED5,ZBED5
ZBTB20,ZBTB20
ZBTB25,ZBTB25
ZBTB37,ZBTB37
ZBTB38,ZBTB38
ZBTB43,ZBTB43
ZBTB44,ZBTB44
ZBTB8A,ZBTB8A
ZBTB8B,ZBTB8B
ZBTB8OS,ZBTB8OS
ZC3H11A,ZC3H11A
ZC3H13,ZC3H13
ZC3H14,ZC3H14
ZC3H15,ZC3H15
ZC3H4,ZC3H4
ZC3H6,ZC3H6
ZC3H7A,ZC3H7A
ZC3H8,ZC3H8
ZC3HAV1,ZC3HAV1
ZCCHC2,ZCCHC2
ZCCHC8,ZCCHC8
ZDHHC24,ZDHHC24
ZEB2,ZEB2
ZFAND5,ZFAND5
ZFAND6,ZFAND6
ZFC3H1,ZFC3H1
ZFHX3,ZFHX3
ZFP14,ZFP14
ZFP36L1,ZFP36L1
ZFP36L2,ZFP36L2
ZFP82,ZFP82
ZFR,ZFR
ZFX,ZFX
ZFYVE16,ZFYVE16
ZFYVE26,ZFYVE26
ZKSCAN1,ZKSCAN1
ZMAT3,ZMAT3
ZMPSTE24,ZMPSTE24
ZMYM2,ZMYM2
ZMYM6,ZMYM6
ZMYND8,ZMYND8
ZNF101,ZNF101
ZNF106,ZNF106
ZNF121,ZNF121
ZNF131,ZNF131
ZNF148,ZNF148
ZNF19,ZNF19
ZNF195,ZNF195
ZNF207,ZNF207
ZNF224,ZNF224
ZNF24,ZNF24
ZNF26,ZNF26
ZNF264,ZNF264
ZNF266,ZNF266
ZNF268,ZNF268
ZNF273,ZNF273
ZNF28,ZNF28
ZNF283,ZNF283
ZNF286A,ZNF286A
ZNF292,ZNF292
ZNF3,ZNF3
ZNF320,ZNF320
ZNF326,ZNF326
ZNF331,ZNF331
ZNF333,ZNF333
ZNF347,ZNF347
ZNF354B,ZNF354B
ZNF37A,ZNF37A
ZNF37BP,ZNF37BP
ZNF382,ZNF382
ZNF383,ZNF383
ZNF395,ZNF395
ZNF397,ZNF397
ZNF414,ZNF414
ZNF419,ZNF419
ZNF426,ZNF426
ZNF430,ZNF430
ZNF431,ZNF431
ZNF440,ZNF440
ZNF442,ZNF442
ZNF445,ZNF445
ZNF451,ZNF451
ZNF462,ZNF462
ZNF468,ZNF468
ZNF470,ZNF470
ZNF471,ZNF471
ZNF480,ZNF480
ZNF483,ZNF483
ZNF490,ZNF490
ZNF493,ZNF493
ZNF500,ZNF500
ZNF506,ZNF506
ZNF519,ZNF519
ZNF527,ZNF527
ZNF529,ZNF529
ZNF532,ZNF532
ZNF544,ZNF544
ZNF554,ZNF554
ZNF555,ZNF555
ZNF556,ZNF556
ZNF557,ZNF557
ZNF558,ZNF558
ZNF561,ZNF561
ZNF562,ZNF562
ZNF568,ZNF568
ZNF570,ZNF570
ZNF587,ZNF587
ZNF605,ZNF605
ZNF609,ZNF609
ZNF611,ZNF611
ZNF621,ZNF621
ZNF626,ZNF626
ZNF638,ZNF638
ZNF639,ZNF639
ZNF644,ZNF644
ZNF652,ZNF652
ZNF655,ZNF655
ZNF665,ZNF665
ZNF674,ZNF674
ZNF675,ZNF675
ZNF677,ZNF677
ZNF7,ZNF7
ZNF70,ZNF70
ZNF706,ZNF706
ZNF708,ZNF708
ZNF713,ZNF713
ZNF714,ZNF714
ZNF761,ZNF761
ZNF765,ZNF765
ZNF766,ZNF766
ZNF774,ZNF774
ZNF785,ZNF785
ZNF791,ZNF791
ZNF793,ZNF793
ZNF8,ZNF8
ZNF814,ZNF814
ZNF829,ZNF829
ZNF83,ZNF83
ZNF844,ZNF844
ZNF850,ZNF850
ZNF875,ZNF875
ZNF891,ZNF891
ZNF91,ZNF91
ZNFX1,ZNFX1
ZNHIT1,ZNHIT1
ZNHIT3,ZNHIT3
ZPR1,ZPR1
ZRANB2,ZRANB2
ZSCAN30,ZSCAN30
ZSWIM7,ZSWIM7
ZSWIM8,ZSWIM8
ZYG11B,ZYG11B
ZZZ3,ZZZ3
